Dátum;Hazai csapat;Vendég csapat;Ered.;home_score;away_score;Kim.;Szakasz;Hazai ÉLŐ pont;Hazai ÉLŐ vált.;Vend. ÉLŐ pont;Vend. ÉLŐ vált.
2022-09-30;Atomerőmű SE;Arconic-Alba Fehérvár;93-84;93;84;H;alapszakasz;1460;12.5;1566;-12.5
2022-09-30;Duna Aszfalt-DTKH Kecskemét;HÜBNER Nyíregyháza BS;79-55;79;55;H;alapszakasz;1522;7.7;1424;-7.7
2022-10-01;Budapesti Honvéd SE;Falco-Vulcano Energia KC Szombathely;61-78;61;78;V;alapszakasz;1300;-7.4;1704;7.4
2022-10-01;Kometa Kaposvári KK;Szolnoki Olajbányász;88-94;88;94;V;alapszakasz;1500;-14.1;1550;14.1
2022-10-01;MVM-OSE Lions;Egis Körmend;104-98;104;98;H;alapszakasz;1529;6.9;1556;-6.9
2022-10-01;Sopron KC;DEAC;90-62;90;62;H;alapszakasz;1515;11.4;1469;-11.4
2022-10-05;Zalakerámia ZTE KK;Naturtex-SZTE-Szedeák;89-84;89;84;H;alapszakasz;1468;8.0;1546;-8.0
2022-10-08;Arconic-Alba Fehérvár;MVM-OSE Lions;106-39;106;39;H;alapszakasz;1554;22.4;1536;-22.4
2022-10-08;Atomerőmű SE;Budapesti Honvéd SE;75-71;75;71;H;alapszakasz;1472;1.4;1293;-1.4
2022-10-08;DEAC;HÜBNER Nyíregyháza BS;89-59;89;59;H;alapszakasz;1457;13.8;1416;-13.8
2022-10-08;Falco-Vulcano Energia KC Szombathely;Kometa Kaposvári KK;79-84;79;84;V;alapszakasz;1711;-15.2;1486;15.2
2022-10-08;Egis Körmend;Zalakerámia ZTE KK;93-92;93;92;H;alapszakasz;1549;1.4;1476;-1.4
2022-10-08;Szolnoki Olajbányász;Sopron KC;90-57;90;57;H;alapszakasz;1565;11.5;1527;-11.5
2022-10-09;Naturtex-SZTE-Szedeák;Duna Aszfalt-DTKH Kecskemét;69-77;69;77;V;alapszakasz;1538;-17.6;1530;17.6
2022-10-11;Kometa Kaposvári KK;Atomerőmű SE;87-85;87;85;H;alapszakasz;1501;3.0;1473;-3.0
2022-10-12;Duna Aszfalt-DTKH Kecskemét;DEAC;87-69;87;69;H;alapszakasz;1547;7.3;1471;-7.3
2022-10-12;HÜBNER Nyíregyháza BS;Szolnoki Olajbányász;81-87;81;87;V;alapszakasz;1402;-10.1;1576;10.1
2022-10-12;MVM-OSE Lions;Budapesti Honvéd SE;62-68;62;68;V;alapszakasz;1513;-16.8;1291;16.8
2022-10-12;Zalakerámia ZTE KK;Arconic-Alba Fehérvár;70-76;70;76;V;alapszakasz;1474;-12.7;1576;12.7
2022-10-15;Arconic-Alba Fehérvár;Naturtex-SZTE-Szedeák;102-95;102;95;H;alapszakasz;1589;3.4;1521;-3.4
2022-10-15;Budapesti Honvéd SE;Zalakerámia ZTE KK;76-83;76;83;V;alapszakasz;1308;-12.2;1461;12.2
2022-10-15;Falco-Vulcano Energia KC Szombathely;HÜBNER Nyíregyháza BS;108-83;108;83;H;alapszakasz;1696;1.4;1392;-1.4
2022-10-15;MVM-OSE Lions;Kometa Kaposvári KK;101-80;101;80;H;alapszakasz;1496;13.6;1504;-13.6
2022-10-16;Atomerőmű SE;Sopron KC;75-80;75;80;V;alapszakasz;1470;-13.1;1515;13.1
2022-10-16;Egis Körmend;Duna Aszfalt-DTKH Kecskemét;74-75;74;75;V;alapszakasz;1550;-8.3;1555;8.3
2022-10-19;Sopron KC;Falco-Vulcano Energia KC Szombathely;63-81;63;81;V;alapszakasz;1528;-20.8;1697;20.8
2022-10-20;Naturtex-SZTE-Szedeák;Budapesti Honvéd SE;77-67;77;67;H;alapszakasz;1517;2.0;1296;-2.0
2022-10-21;Duna Aszfalt-DTKH Kecskemét;Szolnoki Olajbányász;53-91;53;91;V;alapszakasz;1563;-49.0;1586;49.0
2022-10-21;HÜBNER Nyíregyháza BS;Atomerőmű SE;69-71;69;71;V;alapszakasz;1391;-8.4;1457;8.4
2022-10-22;DEAC;Falco-Vulcano Energia KC Szombathely;69-71;69;71;V;alapszakasz;1464;-4.5;1718;4.5
2022-10-22;Egis Körmend;Arconic-Alba Fehérvár;86-83;86;83;H;alapszakasz;1542;4.3;1592;-4.3
2022-10-22;Sopron KC;MVM-OSE Lions;76-64;76;64;H;alapszakasz;1507;8.7;1510;-8.7
2022-10-22;Zalakerámia ZTE KK;Kometa Kaposvári KK;81-77;81;77;H;alapszakasz;1474;5.1;1491;-5.1
2022-10-25;Szolnoki Olajbányász;DEAC;93-75;93;75;H;alapszakasz;1635;2.9;1459;-2.9
2022-10-29;Arconic-Alba Fehérvár;Duna Aszfalt-DTKH Kecskemét;101-73;101;73;H;alapszakasz;1588;8.0;1514;-8.0
2022-10-29;Atomerőmű SE;DEAC;62-69;62;69;V;alapszakasz;1466;-16.8;1457;16.8
2022-10-29;Budapesti Honvéd SE;Egis Körmend;66-74;66;74;V;alapszakasz;1294;-9.3;1546;9.3
2022-10-29;MVM-OSE Lions;HÜBNER Nyíregyháza BS;81-66;81;66;H;alapszakasz;1501;4.8;1382;-4.8
2022-10-29;Zalakerámia ZTE KK;Sopron KC;94-87;94;87;H;alapszakasz;1479;7.6;1516;-7.6
2022-10-30;Falco-Vulcano Energia KC Szombathely;Szolnoki Olajbányász;83-71;83;71;H;alapszakasz;1723;4.1;1638;-4.1
2022-10-30;Kometa Kaposvári KK;Naturtex-SZTE-Szedeák;89-74;89;74;H;alapszakasz;1486;12.0;1519;-12.0
2022-11-12;DEAC;MVM-OSE Lions;79-80;79;80;V;alapszakasz;1473;-7.4;1506;7.4
2022-11-18;Duna Aszfalt-DTKH Kecskemét;Falco-Vulcano Energia KC Szombathely;85-95;85;95;V;alapszakasz;1506;-11.3;1727;11.3
2022-11-18;Naturtex-SZTE-Szedeák;Sopron KC;80-82;80;82;V;alapszakasz;1507;-9.2;1509;9.2
2022-11-18;Szolnoki Olajbányász;Atomerőmű SE;88-76;88;76;H;alapszakasz;1634;2.0;1449;-2.0
2022-11-19;Arconic-Alba Fehérvár;Budapesti Honvéd SE;96-60;96;60;H;alapszakasz;1596;1.7;1285;-1.7
2022-11-19;Egis Körmend;Kometa Kaposvári KK;85-80;85;80;H;alapszakasz;1556;2.8;1498;-2.8
2022-11-19;HÜBNER Nyíregyháza BS;Zalakerámia ZTE KK;74-87;74;87;V;alapszakasz;1377;-19.3;1486;19.3
2022-11-23;Kometa Kaposvári KK;Arconic-Alba Fehérvár;95-103;95;103;V;alapszakasz;1495;-14.9;1598;14.9
2022-11-23;HÜBNER Nyíregyháza BS;Naturtex-SZTE-Szedeák;78-86;78;86;V;alapszakasz;1358;-13.1;1498;13.1
2022-11-23;MVM-OSE Lions;Szolnoki Olajbányász;86-84;86;84;H;alapszakasz;1514;7.0;1636;-7.0
2022-11-23;Zalakerámia ZTE KK;DEAC;84-79;84;79;H;alapszakasz;1506;4.0;1466;-4.0
2022-11-26;Arconic-Alba Fehérvár;Sopron KC;91-85;91;85;H;alapszakasz;1613;2.6;1518;-2.6
2022-11-26;Budapesti Honvéd SE;Kometa Kaposvári KK;78-77;78;77;H;alapszakasz;1283;7.6;1480;-7.6
2022-11-26;DEAC;Naturtex-SZTE-Szedeák;83-78;83;78;H;alapszakasz;1462;7.5;1511;-7.5
2022-11-26;Falco-Vulcano Energia KC Szombathely;MVM-OSE Lions;104-70;104;70;H;alapszakasz;1738;3.3;1521;-3.3
2022-11-26;Szolnoki Olajbányász;Zalakerámia ZTE KK;84-80;84;80;H;alapszakasz;1629;1.8;1510;-1.8
2022-11-27;Duna Aszfalt-DTKH Kecskemét;Atomerőmű SE;69-74;69;74;V;alapszakasz;1495;-14.4;1447;14.4
2022-11-27;Egis Körmend;HÜBNER Nyíregyháza BS;93-76;93;76;H;alapszakasz;1558;1.9;1345;-1.9
2022-11-30;Atomerőmű SE;Falco-Vulcano Energia KC Szombathely;77-84;77;84;V;alapszakasz;1461;-7.6;1741;7.6
2022-11-30;Budapesti Honvéd SE;Duna Aszfalt-DTKH Kecskemét;57-68;57;68;V;alapszakasz;1290;-14.2;1480;14.2
2022-12-02;HÜBNER Nyíregyháza BS;Arconic-Alba Fehérvár;80-108;80;108;V;alapszakasz;1343;-18.3;1615;18.3
2022-12-02;Naturtex-SZTE-Szedeák;Szolnoki Olajbányász;65-76;65;76;V;alapszakasz;1504;-16.0;1631;16.0
2022-12-03;DEAC;Egis Körmend;90-72;90;72;H;alapszakasz;1469;19.9;1560;-19.9
2022-12-03;Falco-Vulcano Energia KC Szombathely;Zalakerámia ZTE KK;94-80;94;80;H;alapszakasz;1749;1.5;1508;-1.5
2022-12-03;Kometa Kaposvári KK;Duna Aszfalt-DTKH Kecskemét;74-77;74;77;V;alapszakasz;1472;-10.7;1494;10.7
2022-12-03;MVM-OSE Lions;Atomerőmű SE;90-95;90;95;V;alapszakasz;1517;-14.7;1454;14.7
2022-12-03;Sopron KC;Budapesti Honvéd SE;80-61;80;61;H;alapszakasz;1515;2.3;1276;-2.3
2022-12-06;Szolnoki Olajbányász;Arconic-Alba Fehérvár;94-90;94;90;H;alapszakasz;1647;3.6;1633;-3.6
2022-12-07;Naturtex-SZTE-Szedeák;Egis Körmend;74-79;74;79;V;alapszakasz;1488;-12.3;1540;12.3
2022-12-08;Kometa Kaposvári KK;Sopron KC;79-96;79;96;V;alapszakasz;1462;-26.5;1517;26.5
2022-12-09;Arconic-Alba Fehérvár;DEAC;106-78;106;78;H;alapszakasz;1630;5.0;1489;-5.0
2022-12-09;Duna Aszfalt-DTKH Kecskemét;MVM-OSE Lions;89-76;89;76;H;alapszakasz;1505;9.5;1503;-9.5
2022-12-10;Atomerőmű SE;Zalakerámia ZTE KK;99-98;99;98;H;alapszakasz;1468;3.7;1506;-3.7
2022-12-10;Budapesti Honvéd SE;HÜBNER Nyíregyháza BS;83-87;83;87;V;alapszakasz;1274;-11.6;1325;11.6
2022-12-10;Falco-Vulcano Energia KC Szombathely;Naturtex-SZTE-Szedeák;79-74;79;74;H;alapszakasz;1750;0.6;1475;-0.6
2022-12-10;Szolnoki Olajbányász;Egis Körmend;106-55;106;55;H;alapszakasz;1650;10.5;1553;-10.5
2022-12-13;Sopron KC;Egis Körmend;86-80;86;80;H;alapszakasz;1544;5.6;1542;-5.6
2022-12-14;Falco-Vulcano Energia KC Szombathely;Arconic-Alba Fehérvár;90-77;90;77;H;alapszakasz;1751;3.5;1635;-3.5
2022-12-17;DEAC;Budapesti Honvéd SE;71-59;71;59;H;alapszakasz;1484;2.1;1262;-2.1
2022-12-17;Egis Körmend;Falco-Vulcano Energia KC Szombathely;89-95;89;95;V;alapszakasz;1537;-10.3;1754;10.3
2022-12-17;Sopron KC;Duna Aszfalt-DTKH Kecskemét;83-70;83;70;H;alapszakasz;1550;7.2;1515;-7.2
2022-12-17;Naturtex-SZTE-Szedeák;Atomerőmű SE;71-72;71;72;V;alapszakasz;1475;-7.8;1472;7.8
2022-12-17;Zalakerámia ZTE KK;MVM-OSE Lions;82-60;82;60;H;alapszakasz;1503;12.0;1493;-12.0
2022-12-18;HÜBNER Nyíregyháza BS;Kometa Kaposvári KK;78-83;78;83;V;alapszakasz;1336;-11.3;1435;11.3
2022-12-21;Atomerőmű SE;Egis Körmend;88-84;88;84;H;alapszakasz;1480;6.0;1526;-6.0
2022-12-21;Budapesti Honvéd SE;Szolnoki Olajbányász;65-72;65;72;V;alapszakasz;1260;-4.2;1661;4.2
2022-12-21;Duna Aszfalt-DTKH Kecskemét;Zalakerámia ZTE KK;77-94;77;94;V;alapszakasz;1507;-28.1;1515;28.1
2022-12-21;MVM-OSE Lions;Naturtex-SZTE-Szedeák;87-69;87;69;H;alapszakasz;1481;10.7;1467;-10.7
2022-12-21;Sopron KC;HÜBNER Nyíregyháza BS;90-49;90;49;H;alapszakasz;1557;4.2;1325;-4.2
2022-12-22;Kometa Kaposvári KK;DEAC;89-85;89;85;H;alapszakasz;1447;5.9;1486;-5.9
2022-12-28;Falco-Vulcano Energia KC Szombathely;Budapesti Honvéd SE;96-82;96;82;H;alapszakasz;1765;0.2;1256;-0.2
2022-12-28;Egis Körmend;MVM-OSE Lions;89-85;89;85;H;alapszakasz;1520;3.0;1492;-3.0
2022-12-29;Arconic-Alba Fehérvár;Atomerőmű SE;84-76;84;76;H;alapszakasz;1631;2.1;1486;-2.1
2022-12-29;DEAC;Sopron KC;78-89;78;89;V;alapszakasz;1481;-18.4;1561;18.4
2022-12-29;Szolnoki Olajbányász;Kometa Kaposvári KK;86-70;86;70;H;alapszakasz;1665;2.0;1452;-2.0
2022-12-30;Naturtex-SZTE-Szedeák;Zalakerámia ZTE KK;76-92;76;92;V;alapszakasz;1456;-22.7;1543;22.7
2023-01-06;Duna Aszfalt-DTKH Kecskemét;Naturtex-SZTE-Szedeák;86-92;86;92;V;alapszakasz;1479;-15.8;1434;15.8
2023-01-07;Budapesti Honvéd SE;Atomerőmű SE;73-69;73;69;H;alapszakasz;1256;13.3;1484;-13.3
2023-01-07;Kometa Kaposvári KK;Falco-Vulcano Energia KC Szombathely;61-86;61;86;V;alapszakasz;1450;-14.5;1765;14.5
2023-01-07;HÜBNER Nyíregyháza BS;DEAC;75-96;75;96;V;alapszakasz;1321;-24.2;1462;24.2
2023-01-07;MVM-OSE Lions;Arconic-Alba Fehérvár;66-83;66;83;V;alapszakasz;1489;-21.1;1633;21.1
2023-01-07;Sopron KC;Szolnoki Olajbányász;76-78;76;78;V;alapszakasz;1579;-8.2;1667;8.2
2023-01-07;Zalakerámia ZTE KK;Egis Körmend;109-77;109;77;H;alapszakasz;1565;12.8;1523;-12.8
2023-01-13;Szolnoki Olajbányász;HÜBNER Nyíregyháza BS;83-70;83;70;H;alapszakasz;1675;0.5;1297;-0.5
2023-01-14;Arconic-Alba Fehérvár;Zalakerámia ZTE KK;73-78;73;78;V;alapszakasz;1655;-15.0;1578;15.0
2023-01-14;Atomerőmű SE;Kometa Kaposvári KK;93-81;93;81;H;alapszakasz;1471;6.8;1436;-6.8
2023-01-14;Budapesti Honvéd SE;MVM-OSE Lions;70-61;70;61;H;alapszakasz;1269;18.5;1468;-18.5
2023-01-14;DEAC;Duna Aszfalt-DTKH Kecskemét;69-75;69;75;V;alapszakasz;1486;-15.3;1463;15.3
2023-01-14;Falco-Vulcano Energia KC Szombathely;Sopron KC;86-75;86;75;H;alapszakasz;1779;1.6;1571;-1.6
2023-01-14;Egis Körmend;Naturtex-SZTE-Szedeák;93-85;93;85;H;alapszakasz;1510;3.5;1449;-3.5
2023-01-20;Duna Aszfalt-DTKH Kecskemét;Egis Körmend;81-72;81;72;H;alapszakasz;1479;9.4;1514;-9.4
2023-01-21;DEAC;Szolnoki Olajbányász;81-63;81;63;H;alapszakasz;1471;31.7;1676;-31.7
2023-01-21;Kometa Kaposvári KK;MVM-OSE Lions;78-68;78;68;H;alapszakasz;1429;8.7;1449;-8.7
2023-01-21;HÜBNER Nyíregyháza BS;Falco-Vulcano Energia KC Szombathely;69-99;69;99;V;alapszakasz;1296;-6.4;1781;6.4
2023-01-21;Sopron KC;Atomerőmű SE;78-80;78;80;V;alapszakasz;1570;-10.3;1477;10.3
2023-01-21;Naturtex-SZTE-Szedeák;Arconic-Alba Fehérvár;87-78;87;78;H;alapszakasz;1446;20.0;1640;-20.0
2023-01-21;Zalakerámia ZTE KK;Budapesti Honvéd SE;93-80;93;80;H;alapszakasz;1593;1.1;1288;-1.1
2023-01-25;HÜBNER Nyíregyháza BS;Duna Aszfalt-DTKH Kecskemét;77-71;77;71;H;alapszakasz;1290;15.6;1488;-15.6
2023-01-28;Arconic-Alba Fehérvár;Egis Körmend;73-82;73;82;V;alapszakasz;1620;-21.0;1505;21.0
2023-01-28;Atomerőmű SE;HÜBNER Nyíregyháza BS;82-65;82;65;H;alapszakasz;1488;3.1;1305;-3.1
2023-01-28;Budapesti Honvéd SE;Naturtex-SZTE-Szedeák;85-72;85;72;H;alapszakasz;1287;21.5;1466;-21.5
2023-01-28;Falco-Vulcano Energia KC Szombathely;DEAC;75-81;75;81;V;alapszakasz;1787;-16.4;1503;16.4
2023-01-28;Kometa Kaposvári KK;Zalakerámia ZTE KK;89-82;89;82;H;alapszakasz;1438;13.8;1594;-13.8
2023-01-28;MVM-OSE Lions;Sopron KC;82-77;82;77;H;alapszakasz;1440;10.1;1559;-10.1
2023-01-31;Szolnoki Olajbányász;Duna Aszfalt-DTKH Kecskemét;64-70;64;70;V;alapszakasz;1644;-16.8;1473;16.8
2023-02-01;Falco-Vulcano Energia KC Szombathely;Atomerőmű SE;92-67;92;67;H;alapszakasz;1771;1.6;1491;-1.6
2023-02-03;Duna Aszfalt-DTKH Kecskemét;Arconic-Alba Fehérvár;88-77;88;77;H;alapszakasz;1489;15.4;1599;-15.4
2023-02-04;DEAC;Atomerőmű SE;81-75;81;75;H;alapszakasz;1519;5.2;1489;-5.2
2023-02-04;Egis Körmend;Budapesti Honvéd SE;81-64;81;64;H;alapszakasz;1526;1.8;1308;-1.8
2023-02-04;HÜBNER Nyíregyháza BS;MVM-OSE Lions;81-95;81;95;V;alapszakasz;1302;-18.0;1451;18.0
2023-02-04;Sopron KC;Zalakerámia ZTE KK;65-77;65;77;V;alapszakasz;1549;-22.0;1581;22.0
2023-02-05;Naturtex-SZTE-Szedeák;Kometa Kaposvári KK;83-85;83;85;V;alapszakasz;1444;-9.1;1452;9.1
2023-02-10;Budapesti Honvéd SE;Arconic-Alba Fehérvár;87-102;87;102;V;alapszakasz;1306;-12.5;1583;12.5
2023-02-11;Atomerőmű SE;Szolnoki Olajbányász;76-83;76;83;V;alapszakasz;1484;-12.5;1627;12.5
2023-02-11;Falco-Vulcano Energia KC Szombathely;Duna Aszfalt-DTKH Kecskemét;98-61;98;61;H;alapszakasz;1773;2.4;1505;-2.4
2023-02-11;Kometa Kaposvári KK;Egis Körmend;87-89;87;89;V;alapszakasz;1461;-8.5;1527;8.5
2023-02-11;MVM-OSE Lions;DEAC;87-91;87;91;V;alapszakasz;1469;-11.3;1524;11.3
2023-02-11;Sopron KC;Naturtex-SZTE-Szedeák;71-75;71;75;V;alapszakasz;1527;-13.4;1435;13.4
2023-02-11;Zalakerámia ZTE KK;HÜBNER Nyíregyháza BS;97-87;97;87;H;alapszakasz;1603;0.8;1284;-0.8
2023-02-15;Arconic-Alba Fehérvár;Kometa Kaposvári KK;121-93;121;93;H;alapszakasz;1596;5.0;1452;-5.0
2023-02-15;DEAC;Zalakerámia ZTE KK;83-81;83;81;H;alapszakasz;1536;5.6;1603;-5.6
2023-02-15;Duna Aszfalt-DTKH Kecskemét;Budapesti Honvéd SE;94-77;94;77;H;alapszakasz;1502;2.9;1294;-2.9
2023-02-15;Egis Körmend;Sopron KC;82-96;82;96;V;alapszakasz;1536;-26.9;1514;26.9
2023-02-15;Szolnoki Olajbányász;MVM-OSE Lions;96-59;96;59;H;alapszakasz;1640;4.5;1457;-4.5
2023-02-18;Szolnoki Olajbányász;Falco-Vulcano Energia KC Szombathely;80-78;80;78;H;alapszakasz;1644;6.2;1775;-6.2
2023-03-04;Atomerőmű SE;Duna Aszfalt-DTKH Kecskemét;99-76;99;76;H;alapszakasz;1471;15.9;1505;-15.9
2023-03-04;Kometa Kaposvári KK;Budapesti Honvéd SE;94-79;94;79;H;alapszakasz;1447;3.6;1291;-3.6
2023-03-04;HÜBNER Nyíregyháza BS;Egis Körmend;74-83;74;83;V;alapszakasz;1283;-10.3;1509;10.3
2023-03-04;MVM-OSE Lions;Falco-Vulcano Energia KC Szombathely;75-87;75;87;V;alapszakasz;1453;-8.5;1769;8.5
2023-03-04;Sopron KC;Arconic-Alba Fehérvár;72-91;72;91;V;alapszakasz;1541;-28.3;1601;28.3
2023-03-04;Naturtex-SZTE-Szedeák;DEAC;83-86;83;86;V;alapszakasz;1449;-8.9;1541;8.9
2023-03-04;Zalakerámia ZTE KK;Szolnoki Olajbányász;79-78;79;78;H;alapszakasz;1598;3.9;1650;-3.9
2023-03-08;Naturtex-SZTE-Szedeák;HÜBNER Nyíregyháza BS;85-74;85;74;H;alapszakasz;1440;3.2;1273;-3.2
2023-03-09;Budapesti Honvéd SE;Sopron KC;61-87;61;87;V;alapszakasz;1287;-22.5;1512;22.5
2023-03-10;Duna Aszfalt-DTKH Kecskemét;Kometa Kaposvári KK;81-75;81;75;H;alapszakasz;1489;4.8;1451;-4.8
2023-03-11;Arconic-Alba Fehérvár;HÜBNER Nyíregyháza BS;103-84;103;84;H;alapszakasz;1629;0.8;1270;-0.8
2023-03-11;Atomerőmű SE;MVM-OSE Lions;91-82;91;82;H;alapszakasz;1487;5.4;1444;-5.4
2023-03-11;Egis Körmend;DEAC;89-79;89;79;H;alapszakasz;1519;7.2;1550;-7.2
2023-03-11;Szolnoki Olajbányász;Naturtex-SZTE-Szedeák;89-82;89;82;H;alapszakasz;1647;1.3;1443;-1.3
2023-03-11;Zalakerámia ZTE KK;Falco-Vulcano Energia KC Szombathely;71-86;71;86;V;alapszakasz;1602;-18.1;1777;18.1
2023-03-18;DEAC;Arconic-Alba Fehérvár;77-87;77;87;V;alapszakasz;1543;-17.1;1630;17.1
2023-03-18;Egis Körmend;Szolnoki Olajbányász;79-93;79;93;V;alapszakasz;1526;-22.1;1648;22.1
2023-03-18;HÜBNER Nyíregyháza BS;Budapesti Honvéd SE;85-91;85;91;V;alapszakasz;1269;-15.0;1265;15.0
2023-03-18;MVM-OSE Lions;Duna Aszfalt-DTKH Kecskemét;67-75;67;75;V;alapszakasz;1439;-16.2;1494;16.2
2023-03-18;Sopron KC;Kometa Kaposvári KK;94-67;94;67;H;alapszakasz;1535;8.6;1446;-8.6
2023-03-18;Naturtex-SZTE-Szedeák;Falco-Vulcano Energia KC Szombathely;82-97;82;97;V;alapszakasz;1442;-7.5;1795;7.5
2023-03-18;Zalakerámia ZTE KK;Atomerőmű SE;81-78;81;78;H;alapszakasz;1584;2.3;1493;-2.3
2023-03-24;Budapesti Honvéd SE;DEAC;77-83;77;83;V;alapszakasz;1280;-8.1;1526;8.1
2023-03-24;Duna Aszfalt-DTKH Kecskemét;Sopron KC;86-91;86;91;V;alapszakasz;1510;-13.0;1543;13.0
2023-03-25;Arconic-Alba Fehérvár;Szolnoki Olajbányász;85-79;85;79;H;alapszakasz;1647;5.6;1670;-5.6
2023-03-25;Atomerőmű SE;Naturtex-SZTE-Szedeák;86-72;86;72;H;alapszakasz;1490;6.5;1434;-6.5
2023-03-25;Falco-Vulcano Energia KC Szombathely;Egis Körmend;80-87;80;87;V;alapszakasz;1803;-17.8;1504;17.8
2023-03-25;Kometa Kaposvári KK;HÜBNER Nyíregyháza BS;86-70;86;70;H;alapszakasz;1437;3.1;1254;-3.1
2023-03-25;MVM-OSE Lions;Zalakerámia ZTE KK;88-74;88;74;H;alapszakasz;1423;22.3;1586;-22.3
2023-04-01;Arconic-Alba Fehérvár;Falco-Vulcano Energia KC Szombathely;97-91;97;91;H;alapszakasz;1652;10.1;1785;-10.1
2023-04-01;DEAC;Kometa Kaposvári KK;83-71;83;71;H;alapszakasz;1534;5.2;1441;-5.2
2023-04-01;Egis Körmend;Atomerőmű SE;82-74;82;74;H;alapszakasz;1522;4.5;1497;-4.5
2023-04-01;HÜBNER Nyíregyháza BS;Sopron KC;84-90;84;90;V;alapszakasz;1251;-5.7;1556;5.7
2023-04-01;Naturtex-SZTE-Szedeák;MVM-OSE Lions;85-63;85;63;H;alapszakasz;1428;16.3;1445;-16.3
2023-04-01;Szolnoki Olajbányász;Budapesti Honvéd SE;91-69;91;69;H;alapszakasz;1664;0.6;1272;-0.6
2023-04-01;Zalakerámia ZTE KK;Duna Aszfalt-DTKH Kecskemét;68-71;68;71;V;alapszakasz;1564;-11.7;1497;11.7
2023-04-12;Arconic-Alba Fehérvár;Duna Aszfalt-DTKH Kecskemét;89-82;89;82;H;negyeddöntő;1663;2.0;1509;-2.0
2023-04-12;Atomerőmű SE;HÜBNER Nyíregyháza BS;89-72;89;72;H;alsóház rájátszás;1492;1.7;1245;-1.7
2023-04-12;Falco-Vulcano Energia KC Szombathely;DEAC;87-67;87;67;H;negyeddöntő;1775;2.2;1539;-2.2
2023-04-12;Kometa Kaposvári KK;Budapesti Honvéd SE;95-72;95;72;H;alsóház rájátszás;1435;4.1;1271;-4.1
2023-04-12;MVM-OSE Lions;Naturtex-SZTE-Szedeák;89-76;89;76;H;alsóház rájátszás;1429;9.3;1444;-9.3
2023-04-12;Szolnoki Olajbányász;Egis Körmend;89-76;89;76;H;negyeddöntő;1665;3.3;1527;-3.3
2023-04-12;Zalakerámia ZTE KK;Sopron KC;117-112;117;112;H;negyeddöntő;1552;6.0;1562;-6.0
2023-04-15;Budapesti Honvéd SE;Atomerőmű SE;75-65;75;65;H;alsóház rájátszás;1267;19.6;1494;-19.6
2023-04-15;DEAC;Falco-Vulcano Energia KC Szombathely;64-77;64;77;V;negyeddöntő;1537;-13.3;1777;13.3
2023-04-15;Kometa Kaposvári KK;MVM-OSE Lions;71-82;71;82;V;alsóház rájátszás;1439;-19.5;1438;19.5
2023-04-15;Duna Aszfalt-DTKH Kecskemét;Arconic-Alba Fehérvár;62-64;62;64;V;negyeddöntő;1507;-7.2;1665;7.2
2023-04-15;Egis Körmend;Szolnoki Olajbányász;91-71;91;71;H;negyeddöntő;1523;23.4;1668;-23.4
2023-04-15;Sopron KC;Zalakerámia ZTE KK;84-89;84;89;V;negyeddöntő;1556;-15.2;1558;15.2
2023-04-15;Naturtex-SZTE-Szedeák;HÜBNER Nyíregyháza BS;89-68;89;68;H;alsóház rájátszás;1435;3.7;1244;-3.7
2023-04-18;Arconic-Alba Fehérvár;Duna Aszfalt-DTKH Kecskemét;88-79;88;79;H;negyeddöntő;1672;2.1;1500;-2.1
2023-04-18;Falco-Vulcano Energia KC Szombathely;DEAC;90-70;90;70;H;negyeddöntő;1791;1.7;1524;-1.7
2023-04-18;Szolnoki Olajbányász;Egis Körmend;96-72;96;72;H;negyeddöntő;1645;6.6;1547;-6.6
2023-04-18;Zalakerámia ZTE KK;Sopron KC;87-99;87;99;V;negyeddöntő;1573;-26.1;1541;26.1
2023-04-19;Atomerőmű SE;Naturtex-SZTE-Szedeák;87-70;87;70;H;alsóház rájátszás;1475;7.6;1438;-7.6
2023-04-19;Budapesti Honvéd SE;MVM-OSE Lions;67-73;67;73;V;alsóház rájátszás;1287;-9.6;1457;9.6
2023-04-19;HÜBNER Nyíregyháza BS;Kometa Kaposvári KK;69-79;69;79;V;alsóház rájátszás;1240;-11.7;1420;11.7
2023-04-21;Egis Körmend;Szolnoki Olajbányász;68-64;68;64;H;negyeddöntő;1540;7.6;1651;-7.6
2023-04-22;Kometa Kaposvári KK;Naturtex-SZTE-Szedeák;81-88;81;88;V;alsóház rájátszás;1432;-14.9;1431;14.9
2023-04-22;MVM-OSE Lions;Atomerőmű SE;99-80;99;80;H;alsóház rájátszás;1467;11.9;1482;-11.9
2023-04-22;Sopron KC;Zalakerámia ZTE KK;79-84;79;84;V;negyeddöntő;1567;-15.5;1547;15.5
2023-04-23;HÜBNER Nyíregyháza BS;Budapesti Honvéd SE;84-81;84;81;H;alsóház rájátszás;1228;5.3;1277;-5.3
2023-04-23;Szolnoki Olajbányász;Egis Körmend;85-87;85;87;V;negyeddöntő;1644;-11.4;1548;11.4
2023-04-26;Atomerőmű SE;Kometa Kaposvári KK;98-77;98;77;H;alsóház rájátszás;1470;7.8;1417;-7.8
2023-04-26;MVM-OSE Lions;HÜBNER Nyíregyháza BS;100-76;100;76;H;alsóház rájátszás;1479;2.4;1234;-2.4
2023-04-26;Naturtex-SZTE-Szedeák;Budapesti Honvéd SE;82-73;82;73;H;alsóház rájátszás;1446;2.4;1272;-2.4
2023-05-03;Arconic-Alba Fehérvár;Egis Körmend;105-73;105;73;H;elődöntő;1674;7.6;1559;-7.6
2023-05-03;Falco-Vulcano Energia KC Szombathely;Zalakerámia ZTE KK;90-80;90;80;H;elődöntő;1792;1.5;1562;-1.5
2023-05-03;Sopron KC;DEAC;80-67;80;67;H;5-8. helyért;1552;5.8;1522;-5.8
2023-05-03;Szolnoki Olajbányász;Duna Aszfalt-DTKH Kecskemét;83-75;83;75;H;5-8. helyért;1632;1.7;1498;-1.7
2023-05-06;DEAC;Sopron KC;82-75;82;75;H;5-8. helyért;1516;6.4;1557;-6.4
2023-05-06;Duna Aszfalt-DTKH Kecskemét;Szolnoki Olajbányász;92-87;92;87;H;5-8. helyért;1496;8.4;1634;-8.4
2023-05-06;Egis Körmend;Arconic-Alba Fehérvár;66-90;66;90;V;elődöntő;1552;-36.2;1681;36.2
2023-05-06;Zalakerámia ZTE KK;Falco-Vulcano Energia KC Szombathely;66-95;66;95;V;elődöntő;1561;-26.7;1794;26.7
2023-05-09;Arconic-Alba Fehérvár;Egis Körmend;103-86;103;86;H;elődöntő;1718;2.6;1515;-2.6
2023-05-09;Falco-Vulcano Energia KC Szombathely;Zalakerámia ZTE KK;95-94;95;94;H;elődöntő;1820;0.4;1534;-0.4
2023-05-09;Sopron KC;DEAC;70-75;70;75;V;5-8. helyért;1551;-10.7;1523;10.7
2023-05-09;Szolnoki Olajbányász;Duna Aszfalt-DTKH Kecskemét;87-79;87;79;H;5-8. helyért;1626;1.9;1504;-1.9
2023-05-10;Budapesti Honvéd SE;Kometa Kaposvári KK;95-73;95;73;H;alsóház rájátszás;1269;23.5;1409;-23.5
2023-05-10;HÜBNER Nyíregyháza BS;Atomerőmű SE;81-88;81;88;V;alsóház rájátszás;1231;-7.3;1478;7.3
2023-05-10;Naturtex-SZTE-Szedeák;MVM-OSE Lions;78-76;78;76;H;alsóház rájátszás;1448;4.4;1481;-4.4
2023-05-12;DEAC;Sopron KC;88-79;88;79;H;5-8. helyért;1533;6.1;1540;-6.1
2023-05-12;Duna Aszfalt-DTKH Kecskemét;Szolnoki Olajbányász;83-85;83;85;V;5-8. helyért;1503;-5.4;1628;5.4
2023-05-13;Atomerőmű SE;Budapesti Honvéd SE;83-72;83;72;H;alsóház rájátszás;1485;1.9;1293;-1.9
2023-05-13;HÜBNER Nyíregyháza BS;Naturtex-SZTE-Szedeák;84-93;84;93;V;alsóház rájátszás;1224;-9.1;1453;9.1
2023-05-13;MVM-OSE Lions;Kometa Kaposvári KK;97-86;97;86;H;alsóház rájátszás;1477;4.3;1385;-4.3
2023-05-16;Szolnoki Olajbányász;DEAC;81-71;81;71;H;5. helyért;1633;2.6;1539;-2.6
2023-05-17;Falco-Vulcano Energia KC Szombathely;Arconic-Alba Fehérvár;82-70;82;70;H;döntő;1821;4.4;1720;-4.4
2023-05-17;Kometa Kaposvári KK;HÜBNER Nyíregyháza BS;75-80;75;80;V;alsóház rájátszás;1381;-13.7;1215;13.7
2023-05-17;MVM-OSE Lions;Budapesti Honvéd SE;81-63;81;63;H;alsóház rájátszás;1481;3.0;1291;-3.0
2023-05-17;Naturtex-SZTE-Szedeák;Atomerőmű SE;95-74;95;74;H;alsóház rájátszás;1462;14.7;1487;-14.7
2023-05-17;Zalakerámia ZTE KK;Egis Körmend;91-78;91;78;H;3. helyért;1534;8.8;1513;-8.8
2023-05-19;DEAC;Szolnoki Olajbányász;66-75;66;75;V;5. helyért;1537;-11.6;1636;11.6
2023-05-19;Sopron KC;Duna Aszfalt-DTKH Kecskemét;96-84;96;84;H;7. helyért;1534;5.2;1497;-5.2
2023-05-20;Arconic-Alba Fehérvár;Falco-Vulcano Energia KC Szombathely;81-80;81;80;H;döntő;1716;5.6;1825;-5.6
2023-05-20;Atomerőmű SE;MVM-OSE Lions;80-83;80;83;V;alsóház rájátszás;1473;-9.8;1484;9.8
2023-05-20;Budapesti Honvéd SE;HÜBNER Nyíregyháza BS;83-76;83;76;H;alsóház rájátszás;1288;3.7;1228;-3.7
2023-05-20;Egis Körmend;Zalakerámia ZTE KK;104-56;104;56;H;3. helyért;1504;25.0;1543;-25.0
2023-05-20;Naturtex-SZTE-Szedeák;Kometa Kaposvári KK;94-89;94;89;H;alsóház rájátszás;1476;2.7;1367;-2.7
2023-05-21;Duna Aszfalt-DTKH Kecskemét;Sopron KC;88-80;88;80;H;7. helyért;1492;7.0;1539;-7.0
2023-05-23;Falco-Vulcano Energia KC Szombathely;Arconic-Alba Fehérvár;84-78;84;78;H;döntő;1820;3.0;1721;-3.0
2023-05-23;Zalakerámia ZTE KK;Egis Körmend;97-85;97;85;H;3. helyért;1518;10.1;1529;-10.1
2023-05-24;Budapesti Honvéd SE;Naturtex-SZTE-Szedeák;83-79;83;79;H;alsóház rájátszás;1292;10.3;1479;-10.3
2023-05-24;Kometa Kaposvári KK;Atomerőmű SE;85-70;85;70;H;alsóház rájátszás;1365;15.4;1463;
2023-05-24;HÜBNER Nyíregyháza BS;MVM-OSE Lions;69-85;69;85;V;alsóház rájátszás;1225;-11.0;1494;11.0
2023-05-24;Sopron KC;Duna Aszfalt-DTKH Kecskemét;83-86;83;86;V;7. helyért;1532;-8.5;1499;8.5
2023-05-26;Arconic-Alba Fehérvár;Falco-Vulcano Energia KC Szombathely;72-69;72;69;H;döntő;1718;7.5;1823;-7.5
2023-05-26;Egis Körmend;Zalakerámia ZTE KK;104-89;104;89;H;3. helyért;1519;9.0;1528;-9.0
2023-05-28;Falco-Vulcano Energia KC Szombathely;Arconic-Alba Fehérvár;84-68;84;68;H;döntő;1815;5.8;1726;-5.8
2023-05-28;Zalakerámia ZTE KK;Egis Körmend;83-96;83;96;V;3. helyért;1519;-26.2;1528;26.2
2023-09-29;DEAC;MVM-OSE Lions;59-80;59;80;V;alapszakasz;1522;-33.3;1508;33.3
2023-09-29;Duna Aszfalt-DTKH Kecskemét;Sopron KC;83-80;83;80;H;alapszakasz;1510;4.7;1521;-4.7
2023-09-29;Egis Körmend;Kometa Kaposvári KK;80-71;80;71;H;alapszakasz;1541;2.6;1426;-2.6
2023-09-29;NHSZ-Szolnoki Olajbányász;Atomerőmű SE;73-67;73;67;H;alapszakasz;1602;2.0;1470;-2.0
2023-09-30;Arconic-Alba Fehérvár;Budapesti Honvéd SE;72-62;72;62;H;alapszakasz;1650;0.9;1374;-0.9
2023-09-30;Falco-Vulcano Energia KC Szombathely;NKA Universitas Pécs;112-92;112;92;H;alapszakasz;1717;0.5;1300;-0.5
2023-10-03;Zalakerámia ZTE KK;SZTE-Szedeák;93-97;93;97;V;alapszakasz;1500;-12.7;1484;12.7
2023-10-06;DEAC;Duna Aszfalt-DTKH Kecskemét;79-71;79;71;H;alapszakasz;1488;8.6;1515;-8.6
2023-10-06;Kometa Kaposvári KK;NKA Universitas Pécs;94-80;94;80;H;alapszakasz;1423;4.3;1300;-4.3
2023-10-07;Budapesti Honvéd SE;Falco-Vulcano Energia KC Szombathely;72-81;72;81;V;alapszakasz;1373;-6.6;1717;6.6
2023-10-07;MVM-OSE Lions;Zalakerámia ZTE KK;114-79;114;79;H;alapszakasz;1542;13.4;1488;-13.4
2023-10-07;Sopron KC;NHSZ-Szolnoki Olajbányász;73-80;73;80;V;alapszakasz;1516;-14.1;1604;14.1
2023-10-07;SZTE-Szedeák;Arconic-Alba Fehérvár;98-102;98;102;V;alapszakasz;1497;-8.4;1651;8.4
2023-10-08;Atomerőmű SE;Egis Körmend;62-80;62;80;V;alapszakasz;1468;-26.8;1543;26.8
2023-10-12;NHSZ-Szolnoki Olajbányász;DEAC;73-66;73;66;H;alapszakasz;1618;2.3;1497;-2.3
2023-10-13;NKA Universitas Pécs;Atomerőmű SE;82-80;82;80;H;alapszakasz;1295;8.1;1442;-8.1
2023-10-14;Arconic-Alba Fehérvár;MVM-OSE Lions;90-80;90;80;H;alapszakasz;1660;3.2;1555;-3.2
2023-10-14;Budapesti Honvéd SE;SZTE-Szedeák;92-87;92;87;H;alapszakasz;1367;9.6;1489;-9.6
2023-10-14;Falco-Vulcano Energia KC Szombathely;Kometa Kaposvári KK;103-66;103;66;H;alapszakasz;1724;1.9;1428;-1.9
2023-10-14;Egis Körmend;Sopron KC;93-56;93;56;H;alapszakasz;1570;9.3;1502;-9.3
2023-10-17;Zalakerámia ZTE KK;Duna Aszfalt-DTKH Kecskemét;94-80;94;80;H;alapszakasz;1474;11.5;1506;-11.5
2023-10-21;Atomerőmű SE;Kometa Kaposvári KK;73-82;73;82;V;alapszakasz;1433;-19.4;1426;19.4
2023-10-21;DEAC;Egis Körmend;75-70;75;70;H;alapszakasz;1495;9.0;1579;-9.0
2023-10-21;MVM-OSE Lions;Budapesti Honvéd SE;89-83;89;83;H;alapszakasz;1552;1.8;1376;-1.8
2023-10-21;Sopron KC;NKA Universitas Pécs;78-75;78;75;H;alapszakasz;1493;1.2;1303;-1.2
2023-10-21;SZTE-Szedeák;Falco-Vulcano Energia KC Szombathely;80-79;80;79;H;alapszakasz;1479;9.8;1726;-9.8
2023-10-21;Zalakerámia ZTE KK;NHSZ-Szolnoki Olajbányász;115-83;115;83;H;alapszakasz;1486;34.3;1621;-34.3
2023-10-22;Duna Aszfalt-DTKH Kecskemét;Arconic-Alba Fehérvár;99-104;99;104;V;alapszakasz;1495;-9.2;1663;9.2
2023-10-27;Budapesti Honvéd SE;Duna Aszfalt-DTKH Kecskemét;79-67;79;67;H;alapszakasz;1375;15.1;1485;-15.1
2023-10-27;Kometa Kaposvári KK;Sopron KC;86-88;86;88;V;alapszakasz;1445;-8.8;1494;8.8
2023-10-27;Egis Körmend;Zalakerámia ZTE KK;84-85;84;85;V;alapszakasz;1570;-8.6;1520;8.6
2023-10-27;SZTE-Szedeák;MVM-OSE Lions;89-75;89;75;H;alapszakasz;1489;15.2;1554;-15.2
2023-10-28;Arconic-Alba Fehérvár;NHSZ-Szolnoki Olajbányász;93-73;93;73;H;alapszakasz;1672;5.8;1586;-5.8
2023-10-28;Falco-Vulcano Energia KC Szombathely;Atomerőmű SE;88-69;88;69;H;alapszakasz;1716;1.1;1414;-1.1
2023-10-28;NKA Universitas Pécs;DEAC;75-64;75;64;H;alapszakasz;1302;22.7;1504;-22.7
2023-11-03;Duna Aszfalt-DTKH Kecskemét;SZTE-Szedeák;95-98;95;98;V;alapszakasz;1470;-10.3;1504;10.3
2023-11-03;MVM-OSE Lions;Falco-Vulcano Energia KC Szombathely;81-91;81;91;V;alapszakasz;1539;-13.5;1717;13.5
2023-11-03;Zalakerámia ZTE KK;NKA Universitas Pécs;80-78;80;78;H;alapszakasz;1529;0.9;1325;-0.9
2023-11-04;Arconic-Alba Fehérvár;Egis Körmend;92-67;92;67;H;alapszakasz;1678;5.4;1562;-5.4
2023-11-04;DEAC;Kometa Kaposvári KK;77-61;77;61;H;alapszakasz;1481;8.7;1436;-8.7
2023-11-04;Sopron KC;Atomerőmű SE;89-85;89;85;H;alapszakasz;1503;2.7;1413;-2.7
2023-11-04;NHSZ-Szolnoki Olajbányász;Budapesti Honvéd SE;91-65;91;65;H;alapszakasz;1581;3.3;1390;-3.3
2023-11-09;SZTE-Szedeák;NHSZ-Szolnoki Olajbányász;93-86;93;86;H;alapszakasz;1514;10.1;1584;-10.1
2023-11-11;Atomerőmű SE;DEAC;61-70;61;70;V;alapszakasz;1410;-16.9;1490;16.9
2023-11-11;Budapesti Honvéd SE;Egis Körmend;87-96;87;96;V;alapszakasz;1386;-13.5;1556;13.5
2023-11-11;Kometa Kaposvári KK;Zalakerámia ZTE KK;89-78;89;78;H;alapszakasz;1428;14.2;1529;-14.2
2023-11-11;NKA Universitas Pécs;Arconic-Alba Fehérvár;80-86;80;86;V;alapszakasz;1324;-4.4;1683;4.4
2023-11-11;MVM-OSE Lions;Duna Aszfalt-DTKH Kecskemét;72-78;72;78;V;alapszakasz;1525;-16.1;1460;16.1
2023-11-11;Sopron KC;Falco-Vulcano Energia KC Szombathely;74-89;74;89;V;alapszakasz;1505;-14.8;1731;14.8
2023-11-17;Duna Aszfalt-DTKH Kecskemét;Falco-Vulcano Energia KC Szombathely;96-103;96;103;V;alapszakasz;1476;-7.4;1746;7.4
2023-11-17;NHSZ-Szolnoki Olajbányász;MVM-OSE Lions;76-70;76;70;H;alapszakasz;1574;3.1;1509;-3.1
2023-11-18;Arconic-Alba Fehérvár;Kometa Kaposvári KK;105-77;105;77;H;alapszakasz;1688;2.3;1442;-2.3
2023-11-18;DEAC;Sopron KC;86-73;86;73;H;alapszakasz;1507;9.0;1491;-9.0
2023-11-18;Egis Körmend;SZTE-Szedeák;90-73;90;73;H;alapszakasz;1570;6.2;1525;-6.2
2023-11-18;NKA Universitas Pécs;Budapesti Honvéd SE;91-79;91;79;H;alapszakasz;1320;12.6;1373;-12.6
2023-11-18;Zalakerámia ZTE KK;Atomerőmű SE;86-92;86;92;V;alapszakasz;1515;-16.6;1393;16.6
2023-11-23;SZTE-Szedeák;NKA Universitas Pécs;90-97;90;97;V;alapszakasz;1518;-18.3;1332;18.3
2023-11-24;Duna Aszfalt-DTKH Kecskemét;NHSZ-Szolnoki Olajbányász;74-83;74;83;V;alapszakasz;1469;-15.2;1577;15.2
2023-11-25;Atomerőmű SE;Arconic-Alba Fehérvár;80-87;80;87;V;alapszakasz;1410;-7.5;1690;7.5
2023-11-25;Falco-Vulcano Energia KC Szombathely;DEAC;87-68;87;68;H;alapszakasz;1753;1.9;1516;-1.9
2023-11-25;Kometa Kaposvári KK;Budapesti Honvéd SE;75-69;75;69;H;alapszakasz;1440;3.5;1360;-3.5
2023-11-25;MVM-OSE Lions;Egis Körmend;87-76;87;76;H;alapszakasz;1506;12.4;1576;-12.4
2023-11-25;Sopron KC;Zalakerámia ZTE KK;71-76;71;76;V;alapszakasz;1482;-13.4;1499;13.4
2023-11-29;Falco-Vulcano Energia KC Szombathely;Arconic-Alba Fehérvár;108-75;108;75;H;alapszakasz;1755;9.9;1698;-9.9
2023-11-30;Budapesti Honvéd SE;Atomerőmű SE;71-77;71;77;V;alapszakasz;1357;-14.4;1402;14.4
2023-12-02;Arconic-Alba Fehérvár;Sopron KC;100-73;100;73;H;alapszakasz;1688;2.7;1468;-2.7
2023-12-02;Kometa Kaposvári KK;SZTE-Szedeák;90-105;90;105;V;alapszakasz;1443;-24.2;1500;24.2
2023-12-02;Egis Körmend;Duna Aszfalt-DTKH Kecskemét;94-70;94;70;H;alapszakasz;1564;5.1;1454;-5.1
2023-12-02;NKA Universitas Pécs;MVM-OSE Lions;91-83;91;83;H;alapszakasz;1350;16.4;1518;-16.4
2023-12-02;Zalakerámia ZTE KK;DEAC;73-71;73;71;H;alapszakasz;1512;3.6;1514;-3.6
2023-12-03;NHSZ-Szolnoki Olajbányász;Falco-Vulcano Energia KC Szombathely;69-85;69;85;V;alapszakasz;1592;-20.7;1765;20.7
2023-12-08;DEAC;Arconic-Alba Fehérvár;93-92;93;92;H;alapszakasz;1510;7.7;1690;-7.7
2023-12-08;Duna Aszfalt-DTKH Kecskemét;NKA Universitas Pécs;71-70;71;70;H;alapszakasz;1448;1.9;1367;-1.9
2023-12-08;Sopron KC;Budapesti Honvéd SE;87-67;87;67;H;alapszakasz;1466;5.7;1342;-5.7
2023-12-08;NHSZ-Szolnoki Olajbányász;Egis Körmend;79-73;79;73;H;alapszakasz;1571;4.7;1569;-4.7
2023-12-09;Atomerőmű SE;SZTE-Szedeák;87-78;87;78;H;alapszakasz;1417;12.7;1524;-12.7
2023-12-09;MVM-OSE Lions;Kometa Kaposvári KK;85-84;85;84;H;alapszakasz;1502;1.8;1419;-1.8
2023-12-10;Falco-Vulcano Energia KC Szombathely;Zalakerámia ZTE KK;100-72;100;72;H;alapszakasz;1785;1.9;1516;-1.9
2023-12-14;SZTE-Szedeák;Sopron KC;93-105;93;105;V;alapszakasz;1512;-23.4;1471;23.4
2023-12-16;Arconic-Alba Fehérvár;Zalakerámia ZTE KK;103-76;103;76;H;alapszakasz;1683;3.9;1514;-3.9
2023-12-16;Atomerőmű SE;MVM-OSE Lions;95-82;95;82;H;alapszakasz;1430;13.5;1504;-13.5
2023-12-16;Budapesti Honvéd SE;DEAC;80-60;80;60;H;alapszakasz;1337;28.9;1518;-28.9
2023-12-16;Kometa Kaposvári KK;Duna Aszfalt-DTKH Kecskemét;86-97;86;97;V;alapszakasz;1417;-20.6;1450;20.6
2023-12-16;Egis Körmend;Falco-Vulcano Energia KC Szombathely;65-101;65;101;V;alapszakasz;1564;-32.7;1787;32.7
2023-12-16;NKA Universitas Pécs;NHSZ-Szolnoki Olajbányász;94-86;94;86;H;alapszakasz;1365;19.2;1576;-19.2
2023-12-20;DEAC;SZTE-Szedeák;75-80;75;80;V;alapszakasz;1489;-13.6;1488;13.6
2023-12-20;Duna Aszfalt-DTKH Kecskemét;Atomerőmű SE;92-75;92;75;H;alapszakasz;1471;9.9;1443;-9.9
2023-12-20;Egis Körmend;NKA Universitas Pécs;88-72;88;72;H;alapszakasz;1531;3.0;1384;-3.0
2023-12-20;NHSZ-Szolnoki Olajbányász;Kometa Kaposvári KK;94-82;94;82;H;alapszakasz;1557;2.4;1397;-2.4
2023-12-21;Sopron KC;MVM-OSE Lions;79-57;79;57;H;alapszakasz;1495;13.0;1490;-13.0
2023-12-22;Zalakerámia ZTE KK;Budapesti Honvéd SE;91-95;91;95;V;alapszakasz;1510;-13.7;1366;13.7
2023-12-29;NKA Universitas Pécs;Falco-Vulcano Energia KC Szombathely;66-96;66;96;V;alapszakasz;1381;-8.2;1820;8.2
2023-12-30;Atomerőmű SE;NHSZ-Szolnoki Olajbányász;92-86;92;86;H;alapszakasz;1433;11.0;1559;-11.0
2023-12-30;Budapesti Honvéd SE;Arconic-Alba Fehérvár;89-91;89;91;V;alapszakasz;1379;-3.9;1687;3.9
2023-12-30;Kometa Kaposvári KK;Egis Körmend;101-81;101;81;H;alapszakasz;1394;25.4;1534;-25.4
2023-12-30;MVM-OSE Lions;DEAC;78-81;78;81;V;alapszakasz;1477;-10.9;1475;10.9
2023-12-30;Sopron KC;Duna Aszfalt-DTKH Kecskemét;68-61;68;61;H;alapszakasz;1508;5.4;1481;-5.4
2023-12-30;SZTE-Szedeák;Zalakerámia ZTE KK;70-74;70;74;V;alapszakasz;1502;-12.2;1496;12.2
2024-01-05;Duna Aszfalt-DTKH Kecskemét;DEAC;84-90;84;90;V;alapszakasz;1475;-14.7;1486;14.7
2024-01-06;Arconic-Alba Fehérvár;SZTE-Szedeák;94-92;94;92;H;alapszakasz;1690;0.7;1490;-0.7
2024-01-06;Falco-Vulcano Energia KC Szombathely;Budapesti Honvéd SE;89-79;89;79;H;alapszakasz;1828;0.2;1375;-0.2
2024-01-06;Egis Körmend;Atomerőmű SE;92-100;92;100;V;alapszakasz;1509;-19.4;1444;19.4
2024-01-06;NKA Universitas Pécs;Kometa Kaposvári KK;67-69;67;69;V;alapszakasz;1373;-8.7;1420;8.7
2024-01-06;NHSZ-Szolnoki Olajbányász;Sopron KC;80-84;80;84;V;alapszakasz;1548;-13.2;1513;13.2
2024-01-06;Zalakerámia ZTE KK;MVM-OSE Lions;94-77;94;77;H;alapszakasz;1508;8.3;1466;-8.3
2024-01-12;Duna Aszfalt-DTKH Kecskemét;Zalakerámia ZTE KK;93-81;93;81;H;alapszakasz;1461;12.7;1517;-12.7
2024-01-13;Atomerőmű SE;NKA Universitas Pécs;81-79;81;79;H;alapszakasz;1464;1.9;1364;-1.9
2024-01-13;DEAC;NHSZ-Szolnoki Olajbányász;80-88;80;88;V;alapszakasz;1501;-16.6;1535;16.6
2024-01-13;Kometa Kaposvári KK;Falco-Vulcano Energia KC Szombathely;76-93;76;93;V;alapszakasz;1428;-7.2;1828;7.2
2024-01-13;MVM-OSE Lions;Arconic-Alba Fehérvár;88-106;88;106;V;alapszakasz;1458;-16.1;1691;16.1
2024-01-13;Sopron KC;Egis Körmend;98-79;98;79;H;alapszakasz;1526;9.6;1490;-9.6
2024-01-13;SZTE-Szedeák;Budapesti Honvéd SE;92-76;92;76;H;alapszakasz;1489;5.8;1375;-5.8
2024-01-18;NHSZ-Szolnoki Olajbányász;Zalakerámia ZTE KK;90-83;90;83;H;alapszakasz;1552;3.8;1504;-3.8
2024-01-20;Arconic-Alba Fehérvár;Duna Aszfalt-DTKH Kecskemét;84-70;84;70;H;alapszakasz;1707;1.5;1473;-1.5
2024-01-20;Budapesti Honvéd SE;MVM-OSE Lions;80-70;80;70;H;alapszakasz;1369;11.1;1442;-11.1
2024-01-20;Falco-Vulcano Energia KC Szombathely;SZTE-Szedeák;110-80;110;80;H;alapszakasz;1836;1.2;1495;-1.2
2024-01-20;Egis Körmend;DEAC;70-81;70;81;V;alapszakasz;1480;-22.5;1484;22.5
2024-01-20;NKA Universitas Pécs;Sopron KC;89-83;89;83;H;alapszakasz;1362;14.3;1536;-14.3
2024-01-21;Kometa Kaposvári KK;Atomerőmű SE;83-68;83;68;H;alapszakasz;1421;13.0;1465;-13.0
2024-01-26;Duna Aszfalt-DTKH Kecskemét;Budapesti Honvéd SE;67-75;67;75;V;alapszakasz;1472;-19.2;1381;19.2
2024-01-27;Atomerőmű SE;Falco-Vulcano Energia KC Szombathely;82-118;82;118;V;alapszakasz;1452;-13.7;1837;13.7
2024-01-27;DEAC;NKA Universitas Pécs;85-78;85;78;H;alapszakasz;1507;3.0;1377;-3.0
2024-01-27;MVM-OSE Lions;SZTE-Szedeák;88-79;88;79;H;alapszakasz;1431;10.6;1493;-10.6
2024-01-27;Sopron KC;Kometa Kaposvári KK;83-78;83;78;H;alapszakasz;1522;3.1;1434;-3.1
2024-01-27;NHSZ-Szolnoki Olajbányász;Arconic-Alba Fehérvár;81-97;81;97;V;alapszakasz;1556;-21.8;1709;21.8
2024-01-27;Zalakerámia ZTE KK;Egis Körmend;101-110;101;110;V;alapszakasz;1500;-20.0;1458;20.0
2024-02-03;Atomerőmű SE;Sopron KC;86-76;86;76;H;alapszakasz;1439;12.1;1525;-12.1
2024-02-03;Budapesti Honvéd SE;NHSZ-Szolnoki Olajbányász;91-77;91;77;H;alapszakasz;1400;18.5;1534;-18.5
2024-02-03;Falco-Vulcano Energia KC Szombathely;MVM-OSE Lions;99-70;99;70;H;alapszakasz;1851;0.7;1441;-0.7
2024-02-03;Kometa Kaposvári KK;DEAC;92-85;92;85;H;alapszakasz;1431;9.7;1510;-9.7
2024-02-03;Egis Körmend;Arconic-Alba Fehérvár;103-98;103;98;H;alapszakasz;1478;14.3;1731;-14.3
2024-02-03;NKA Universitas Pécs;Zalakerámia ZTE KK;93-81;93;81;H;alapszakasz;1374;16.2;1480;-16.2
2024-02-03;SZTE-Szedeák;Duna Aszfalt-DTKH Kecskemét;79-91;79;91;V;alapszakasz;1483;-23.1;1453;23.1
2024-02-09;DEAC;Atomerőmű SE;87-85;87;85;H;alapszakasz;1500;2.9;1451;-2.9
2024-02-09;Duna Aszfalt-DTKH Kecskemét;MVM-OSE Lions;73-85;73;85;V;alapszakasz;1476;-23.5;1441;23.5
2024-02-10;Arconic-Alba Fehérvár;NKA Universitas Pécs;101-90;101;90;H;alapszakasz;1716;0.7;1390;-0.7
2024-02-10;Falco-Vulcano Energia KC Szombathely;Sopron KC;92-66;92;66;H;alapszakasz;1851;1.1;1513;-1.1
2024-02-10;Egis Körmend;Budapesti Honvéd SE;87-76;87;76;H;alapszakasz;1492;3.9;1418;-3.9
2024-02-10;NHSZ-Szolnoki Olajbányász;SZTE-Szedeák;94-90;94;90;H;alapszakasz;1515;2.8;1460;-2.8
2024-02-10;Zalakerámia ZTE KK;Kometa Kaposvári KK;88-78;88;78;H;alapszakasz;1464;6.7;1441;-6.7
2024-02-14;Atomerőmű SE;Zalakerámia ZTE KK;90-88;90;88;H;alapszakasz;1448;4.0;1471;-4.0
2024-02-14;Budapesti Honvéd SE;NKA Universitas Pécs;95-63;95;63;H;alapszakasz;1414;13.8;1389;-13.8
2024-02-14;Falco-Vulcano Energia KC Szombathely;Duna Aszfalt-DTKH Kecskemét;94-75;94;75;H;alapszakasz;1852;0.5;1452;-0.5
2024-02-14;Kometa Kaposvári KK;Arconic-Alba Fehérvár;92-89;92;89;H;alapszakasz;1434;14.2;1717;-14.2
2024-02-14;MVM-OSE Lions;NHSZ-Szolnoki Olajbányász;99-81;99;81;H;alapszakasz;1464;15.8;1518;-15.8
2024-02-14;SZTE-Szedeák;Egis Körmend;95-99;95;99;V;alapszakasz;1457;-11.3;1496;11.3
2024-02-15;Sopron KC;DEAC;69-64;69;64;H;alapszakasz;1511;5.0;1503;-5.0
2024-02-29;Budapesti Honvéd SE;Kometa Kaposvári KK;100-91;100;91;H;alapszakasz;1428;7.7;1448;-7.7
2024-03-02;Arconic-Alba Fehérvár;Atomerőmű SE;105-76;105;76;H;alapszakasz;1703;2.3;1452;-2.3
2024-03-02;DEAC;Falco-Vulcano Energia KC Szombathely;85-81;85;81;H;alapszakasz;1498;19.7;1853;-19.7
2024-03-02;Egis Körmend;MVM-OSE Lions;79-117;79;117;V;alapszakasz;1507;-54.5;1480;54.5
2024-03-02;NKA Universitas Pécs;SZTE-Szedeák;110-74;110;74;H;alapszakasz;1375;29.0;1446;-29.0
2024-03-02;NHSZ-Szolnoki Olajbányász;Duna Aszfalt-DTKH Kecskemét;70-59;70;59;H;alapszakasz;1502;5.0;1452;-5.0
2024-03-02;Zalakerámia ZTE KK;Sopron KC;96-71;96;71;H;alapszakasz;1467;18.8;1516;-18.8
2024-03-08;Falco-Vulcano Energia KC Szombathely;NHSZ-Szolnoki Olajbányász;88-75;88;75;H;alapszakasz;1833;0.7;1507;-0.7
2024-03-08;Duna Aszfalt-DTKH Kecskemét;Egis Körmend;81-78;81;78;H;alapszakasz;1447;4.7;1453;-4.7
2024-03-09;Atomerőmű SE;Budapesti Honvéd SE;63-78;63;78;V;alapszakasz;1450;-27.0;1436;27.0
2024-03-09;DEAC;Zalakerámia ZTE KK;51-66;51;66;V;alapszakasz;1518;-27.0;1485;27.0
2024-03-09;MVM-OSE Lions;NKA Universitas Pécs;91-106;91;106;V;alapszakasz;1534;-29.0;1404;29.0
2024-03-10;Sopron KC;Arconic-Alba Fehérvár;95-101;95;101;V;alapszakasz;1498;-9.1;1705;9.1
2024-03-10;SZTE-Szedeák;Kometa Kaposvári KK;89-77;89;77;H;alapszakasz;1417;11.2;1440;-11.2
2024-03-16;Arconic-Alba Fehérvár;DEAC;101-81;101;81;H;alapszakasz;1714;2.1;1491;-2.1
2024-03-16;Budapesti Honvéd SE;Sopron KC;67-68;67;68;V;alapszakasz;1463;-7.8;1489;7.8
2024-03-16;Kometa Kaposvári KK;MVM-OSE Lions;84-102;84;102;V;alapszakasz;1429;-26.4;1505;26.4
2024-03-16;Egis Körmend;NHSZ-Szolnoki Olajbányász;85-90;85;90;V;alapszakasz;1448;-13.4;1507;13.4
2024-03-16;NKA Universitas Pécs;Duna Aszfalt-DTKH Kecskemét;79-75;79;75;H;alapszakasz;1433;5.5;1452;-5.5
2024-03-16;SZTE-Szedeák;Atomerőmű SE;92-87;92;87;H;alapszakasz;1428;5.8;1423;-5.8
2024-03-16;Zalakerámia ZTE KK;Falco-Vulcano Energia KC Szombathely;97-85;97;85;H;alapszakasz;1512;32.4;1834;-32.4
2024-03-22;Sopron KC;SZTE-Szedeák;96-102;96;102;V;alapszakasz;1496;-16.1;1434;16.1
2024-03-23;DEAC;Budapesti Honvéd SE;73-75;73;75;V;alapszakasz;1489;-9.7;1455;9.7
2024-03-23;Falco-Vulcano Energia KC Szombathely;Egis Körmend;91-46;91;46;H;alapszakasz;1801;1.3;1434;-1.3
2024-03-23;Duna Aszfalt-DTKH Kecskemét;Kometa Kaposvári KK;104-89;104;89;H;alapszakasz;1446;8.4;1403;-8.4
2024-03-23;MVM-OSE Lions;Atomerőmű SE;84-73;84;73;H;alapszakasz;1532;4.1;1417;-4.1
2024-03-23;NHSZ-Szolnoki Olajbányász;NKA Universitas Pécs;68-64;68;64;H;alapszakasz;1520;2.3;1439;-2.3
2024-03-23;Zalakerámia ZTE KK;Arconic-Alba Fehérvár;89-83;89;83;H;alapszakasz;1545;13.3;1716;-13.3
2024-03-30;Arconic-Alba Fehérvár;Falco-Vulcano Energia KC Szombathely;93-80;93;80;H;alapszakasz;1703;13.3;1803;-13.3
2024-03-30;Atomerőmű SE;Duna Aszfalt-DTKH Kecskemét;90-78;90;78;H;alapszakasz;1413;10.8;1454;-10.8
2024-03-30;Budapesti Honvéd SE;Zalakerámia ZTE KK;76-75;76;75;H;alapszakasz;1465;4.7;1558;-4.7
2024-03-30;Kometa Kaposvári KK;NHSZ-Szolnoki Olajbányász;90-96;90;96;V;alapszakasz;1394;-11.8;1522;11.8
2024-03-30;NKA Universitas Pécs;Egis Körmend;92-75;92;75;H;alapszakasz;1437;11.2;1433;-11.2
2024-03-30;MVM-OSE Lions;Sopron KC;103-87;103;87;H;alapszakasz;1536;7.7;1480;-7.7
2024-03-30;SZTE-Szedeák;DEAC;91-96;91;96;V;alapszakasz;1450;-12.8;1479;12.8
2024-04-13;Arconic-Alba Fehérvár;Sopron KC;105-86;105;86;H;negyeddöntő;1716;1.9;1473;-1.9
2024-04-13;Falco-Vulcano Energia KC Szombathely;Budapesti Honvéd SE;102-60;102;60;H;negyeddöntő;1789;1.9;1469;-1.9
2024-04-13;Egis Körmend;Duna Aszfalt-DTKH Kecskemét;74-80;74;80;V;alsóház rájátszás;1422;-13.9;1444;13.9
2024-04-13;MVM-OSE Lions;Kometa Kaposvári KK;83-79;83;79;H;alsóház rájátszás;1544;1.5;1383;-1.5
2024-04-13;SZTE-Szedeák;Atomerőmű SE;81-96;81;96;V;alsóház rájátszás;1437;-23.5;1424;23.5
2024-04-13;NHSZ-Szolnoki Olajbányász;NKA Universitas Pécs;99-79;99;79;H;negyeddöntő;1534;6.4;1448;-6.4
2024-04-13;Zalakerámia ZTE KK;DEAC;87-73;87;73;H;negyeddöntő;1553;7.0;1492;-7.0
2024-04-16;Budapesti Honvéd SE;Falco-Vulcano Energia KC Szombathely;52-89;52;89;V;negyeddöntő;1468;-21.3;1791;21.3
2024-04-16;DEAC;Zalakerámia ZTE KK;98-93;98;93;H;negyeddöntő;1485;9.5;1560;-9.5
2024-04-16;NKA Universitas Pécs;NHSZ-Szolnoki Olajbányász;82-83;82;83;V;negyeddöntő;1441;-7.2;1540;7.2
2024-04-16;Sopron KC;Arconic-Alba Fehérvár;78-97;78;97;V;negyeddöntő;1471;-17.4;1718;17.4
2024-04-17;Atomerőmű SE;Kometa Kaposvári KK;92-88;92;88;H;alsóház rájátszás;1447;2.7;1381;-2.7
2024-04-17;Duna Aszfalt-DTKH Kecskemét;MVM-OSE Lions;99-82;99;82;H;alsóház rájátszás;1458;16.9;1545;-16.9
2024-04-17;Egis Körmend;SZTE-Szedeák;104-96;104;96;H;alsóház rájátszás;1408;5.0;1413;-5.0
2024-04-19;Arconic-Alba Fehérvár;Sopron KC;99-82;99;82;H;negyeddöntő;1736;1.3;1453;-1.3
2024-04-19;Falco-Vulcano Energia KC Szombathely;Budapesti Honvéd SE;94-60;94;60;H;negyeddöntő;1813;1.2;1446;-1.2
2024-04-19;NHSZ-Szolnoki Olajbányász;NKA Universitas Pécs;99-80;99;80;H;negyeddöntő;1548;5.1;1434;-5.1
2024-04-19;Zalakerámia ZTE KK;DEAC;82-66;82;66;H;negyeddöntő;1551;7.9;1494;-7.9
2024-04-20;Kometa Kaposvári KK;Egis Körmend;96-86;96;86;H;alsóház rájátszás;1378;8.5;1413;-8.5
2024-04-20;MVM-OSE Lions;Atomerőmű SE;90-97;90;97;V;alsóház rájátszás;1528;-15.9;1450;15.9
2024-04-20;SZTE-Szedeák;Duna Aszfalt-DTKH Kecskemét;105-98;105;98;H;alsóház rájátszás;1408;9.2;1474;-9.2
2024-04-22;DEAC;Zalakerámia ZTE KK;83-79;83;79;H;negyeddöntő;1486;8.4;1559;-8.4
2024-04-24;Kometa Kaposvári KK;Duna Aszfalt-DTKH Kecskemét;83-76;83;76;H;alsóház rájátszás;1387;8.7;1465;-8.7
2024-04-24;Egis Körmend;Atomerőmű SE;101-92;101;92;H;alsóház rájátszás;1405;7.5;1466;-7.5
2024-04-24;SZTE-Szedeák;MVM-OSE Lions;98-78;98;78;H;alsóház rájátszás;1418;20.4;1512;-20.4
2024-04-24;Zalakerámia ZTE KK;DEAC;75-74;75;74;H;negyeddöntő;1550;2.3;1495;-2.3
2024-04-25;NKA Universitas Pécs;Sopron KC;87-59;87;59;H;5-8. helyért;1429;13.9;1452;-13.9
2024-04-27;Arconic-Alba Fehérvár;NHSZ-Szolnoki Olajbányász;92-83;92;83;H;elődöntő;1737;1.9;1553;-1.9
2024-04-27;Atomerőmű SE;Duna Aszfalt-DTKH Kecskemét;74-84;74;84;V;alsóház rájátszás;1458;-18.5;1457;18.5
2024-04-27;Falco-Vulcano Energia KC Szombathely;Zalakerámia ZTE KK;101-63;101;63;H;elődöntő;1814;2.9;1553;-2.9
2024-04-27;MVM-OSE Lions;Egis Körmend;101-90;101;90;H;alsóház rájátszás;1492;4.6;1412;-4.6
2024-04-27;SZTE-Szedeák;Kometa Kaposvári KK;89-94;89;94;V;alsóház rájátszás;1438;-12.7;1396;12.7
2024-04-28;DEAC;Budapesti Honvéd SE;62-86;62;86;V;5-8. helyért;1492;-28.4;1445;28.4
2024-04-30;NHSZ-Szolnoki Olajbányász;Arconic-Alba Fehérvár;93-80;93;80;H;elődöntő;1551;23.3;1739;-23.3
2024-04-30;Zalakerámia ZTE KK;Falco-Vulcano Energia KC Szombathely;71-96;71;96;V;elődöntő;1550;-21.1;1817;21.1
2024-05-01;Budapesti Honvéd SE;DEAC;78-58;78;58;H;5-8. helyért;1473;8.1;1464;-8.1
2024-05-01;Sopron KC;NKA Universitas Pécs;59-83;59;83;V;5-8. helyért;1438;-27.1;1443;27.1
2024-05-03;Arconic-Alba Fehérvár;NHSZ-Szolnoki Olajbányász;109-110;109;110;V;elődöntő;1715;-10.1;1574;10.1
2024-05-03;Falco-Vulcano Energia KC Szombathely;Zalakerámia ZTE KK;103-59;103;59;H;elődöntő;1838;2.3;1529;-2.3
2024-05-04;Atomerőmű SE;SZTE-Szedeák;112-108;112;108;H;alsóház rájátszás;1440;3.8;1425;-3.8
2024-05-04;DEAC;Sopron KC;68-80;68;80;V;7. helyért;1456;-17.7;1411;17.7
2024-05-04;Kometa Kaposvári KK;MVM-OSE Lions;109-101;109;101;H;alsóház rájátszás;1408;9.9;1497;-9.9
2024-05-04;Duna Aszfalt-DTKH Kecskemét;Egis Körmend;79-73;79;73;H;alsóház rájátszás;1475;3.7;1407;-3.7
2024-05-06;NKA Universitas Pécs;Budapesti Honvéd SE;81-76;81;76;H;5. helyért;1470;4.4;1482;-4.4
2024-05-06;NHSZ-Szolnoki Olajbányász;Arconic-Alba Fehérvár;99-86;99;86;H;elődöntő;1584;17.1;1705;-17.1
2024-05-07;Sopron KC;DEAC;89-87;89;87;H;7. helyért;1429;2.9;1438;-2.9
2024-05-08;Kometa Kaposvári KK;Atomerőmű SE;82-88;82;88;V;alsóház rájátszás;1418;-13.2;1443;13.2
2024-05-08;MVM-OSE Lions;Duna Aszfalt-DTKH Kecskemét;100-87;100;87;H;alsóház rájátszás;1487;8.1;1479;-8.1
2024-05-08;SZTE-Szedeák;Egis Körmend;98-69;98;69;H;alsóház rájátszás;1422;14.7;1404;-14.7
2024-05-09;Budapesti Honvéd SE;NKA Universitas Pécs;78-77;78;77;H;5. helyért;1477;2.1;1474;-2.1
2024-05-11;Arconic-Alba Fehérvár;Zalakerámia ZTE KK;104-77;104;77;H;3. helyért;1688;4.5;1526;-4.5
2024-05-11;Atomerőmű SE;MVM-OSE Lions;76-91;76;91;V;alsóház rájátszás;1457;-22.6;1495;22.6
2024-05-11;Falco-Vulcano Energia KC Szombathely;NHSZ-Szolnoki Olajbányász;83-59;83;59;H;döntő;1840;2.6;1601;-2.6
2024-05-11;Duna Aszfalt-DTKH Kecskemét;SZTE-Szedeák;83-85;83;85;V;alsóház rájátszás;1471;-8.8;1436;8.8
2024-05-11;Egis Körmend;Kometa Kaposvári KK;83-76;83;76;H;alsóház rájátszás;1389;4.9;1405;-4.9
2024-05-12;NKA Universitas Pécs;Budapesti Honvéd SE;63-84;63;84;V;5. helyért;1472;-24.5;1479;24.5
2024-05-14;Atomerőmű SE;Egis Körmend;99-76;99;76;H;alsóház rájátszás;1434;9.3;1394;-9.3
2024-05-14;NHSZ-Szolnoki Olajbányász;Falco-Vulcano Energia KC Szombathely;100-87;100;87;H;döntő;1599;29.8;1843;-29.8
2024-05-14;Zalakerámia ZTE KK;Arconic-Alba Fehérvár;67-83;67;83;V;3. helyért;1522;-21.1;1693;21.1
2024-05-15;Duna Aszfalt-DTKH Kecskemét;Kometa Kaposvári KK;81-68;81;68;H;alsóház rájátszás;1462;6.1;1400;-6.1
2024-05-15;MVM-OSE Lions;SZTE-Szedeák;108-78;108;78;H;alsóház rájátszás;1517;9.6;1445;-9.6
2024-05-17;Arconic-Alba Fehérvár;Zalakerámia ZTE KK;109-78;109;78;H;3. helyért;1714;3.4;1501;-3.4
2024-05-17;Falco-Vulcano Energia KC Szombathely;NHSZ-Szolnoki Olajbányász;100-76;100;76;H;döntő;1813;3.8;1629;-3.8
2024-05-18;Kometa Kaposvári KK;SZTE-Szedeák;88-95;88;95;V;alsóház rájátszás;1394;-14.0;1435;14.0
2024-05-18;Duna Aszfalt-DTKH Kecskemét;Atomerőmű SE;82-80;82;80;H;alsóház rájátszás;1468;3.0;1443;-3.0
2024-05-18;Egis Körmend;MVM-OSE Lions;100-97;100;97;H;alsóház rájátszás;1385;6.6;1527;-6.6
2024-05-20;NHSZ-Szolnoki Olajbányász;Falco-Vulcano Energia KC Szombathely;77-89;77;89;V;döntő;1625;-19.5;1817;19.5
2024-09-27;Endo Plus Service-Honvéd;Atomerőmű SE;60-91;60;91;V;alapszakasz;1508;-46.4;1466;46.4
2024-09-27;Sopron KC;DEAC;80-79;80;79;H;alapszakasz;1460;3.1;1462;-3.1
2024-09-28;Falco-Vulcano Energia KC Szombathely;Pécsi VSK-VEOLIA;94-58;94;58;H;alapszakasz;1727;0.7;1300;-0.7
2024-09-28;NKA Universitas Pécs;MVM-OSE Lions;81-73;81;73;H;alapszakasz;1471;9.3;1519;-9.3
2024-09-28;NHSZ-Szolnoki Olajbányász;Duna Aszfalt-DTKH Kecskemét;75-69;75;69;H;alapszakasz;1575;2.6;1486;-2.6
2024-09-28;Zalakerámia ZTE KK;SZTE-Szedeák;103-70;103;70;H;alapszakasz;1503;14.1;1472;-14.1
2024-10-01;Alba Fehérvár;Egis Körmend;114-86;114;86;H;alapszakasz;1649;2.8;1433;-2.8
2024-10-01;NHSZ-Szolnoki Olajbányász;MVM-OSE Lions;78-71;78;71;H;alapszakasz;1577;3.3;1509;-3.3
2024-10-03;SZTE-Szedeák;NHSZ-Szolnoki Olajbányász;71-83;71;83;V;alapszakasz;1458;-17.0;1580;17.0
2024-10-04;Atomerőmű SE;Alba Fehérvár;92-85;92;85;H;alapszakasz;1512;12.7;1651;-12.7
2024-10-04;DEAC;Endo Plus Service-Honvéd;84-66;84;66;H;alapszakasz;1459;12.6;1461;-12.6
2024-10-05;Duna Aszfalt-DTKH Kecskemét;Falco-Vulcano Energia KC Szombathely;67-98;67;98;V;alapszakasz;1483;-21.9;1728;21.9
2024-10-05;Egis Körmend;Pécsi VSK-VEOLIA;91-84;91;84;H;alapszakasz;1431;2.0;1299;-2.0
2024-10-05;NKA Universitas Pécs;Sopron KC;81-70;81;70;H;alapszakasz;1480;7.8;1463;-7.8
2024-10-05;MVM-OSE Lions;Zalakerámia ZTE KK;83-78;83;78;H;alapszakasz;1506;5.8;1518;-5.8
2024-10-08;Endo Plus Service-Honvéd;NKA Universitas Pécs;79-84;79;84;V;alapszakasz;1449;-13.2;1488;13.2
2024-10-09;Falco-Vulcano Energia KC Szombathely;Egis Körmend;91-81;91;81;H;alapszakasz;1750;0.7;1433;-0.7
2024-10-09;Duna Aszfalt-DTKH Kecskemét;SZTE-Szedeák;70-74;70;74;V;alapszakasz;1461;-12.5;1441;12.5
2024-10-09;Pécsi VSK-VEOLIA;Atomerőmű SE;81-103;81;103;V;alapszakasz;1297;-17.9;1525;17.9
2024-10-09;Zalakerámia ZTE KK;Sopron KC;108-85;108;85;H;alapszakasz;1512;9.2;1455;-9.2
2024-10-12;Atomerőmű SE;Egis Körmend;88-76;88;76;H;alapszakasz;1543;4.2;1432;-4.2
2024-10-12;DEAC;Pécsi VSK-VEOLIA;75-68;75;68;H;alapszakasz;1472;1.9;1279;-1.9
2024-10-12;NKA Universitas Pécs;Alba Fehérvár;79-70;79;70;H;alapszakasz;1501;15.3;1639;-15.3
2024-10-12;MVM-OSE Lions;Duna Aszfalt-DTKH Kecskemét;94-62;94;62;H;alapszakasz;1512;11.9;1449;-11.9
2024-10-12;Sopron KC;NHSZ-Szolnoki Olajbányász;71-75;71;75;V;alapszakasz;1446;-8.9;1597;8.9
2024-10-12;Zalakerámia ZTE KK;Endo Plus Service-Honvéd;104-85;104;85;H;alapszakasz;1521;6.7;1435;-6.7
2024-10-13;SZTE-Szedeák;Falco-Vulcano Energia KC Szombathely;82-87;82;87;V;alapszakasz;1453;-5.2;1750;5.2
2024-10-16;Duna Aszfalt-DTKH Kecskemét;Sopron KC;75-72;75;72;H;alapszakasz;1437;4.5;1437;-4.5
2024-10-18;Pécsi VSK-VEOLIA;NKA Universitas Pécs;91-94;91;94;V;alapszakasz;1278;-5.4;1516;5.4
2024-10-19;Alba Fehérvár;Zalakerámia ZTE KK;97-92;97;92;H;alapszakasz;1623;2.3;1528;-2.3
2024-10-19;Falco-Vulcano Energia KC Szombathely;Atomerőmű SE;87-77;87;77;H;alapszakasz;1756;1.5;1547;-1.5
2024-10-19;Egis Körmend;DEAC;80-85;80;85;V;alapszakasz;1428;-13.7;1474;13.7
2024-10-19;SZTE-Szedeák;MVM-OSE Lions;80-69;80;69;H;alapszakasz;1448;13.9;1524;-13.9
2024-10-19;NHSZ-Szolnoki Olajbányász;Endo Plus Service-Honvéd;83-72;83;72;H;alapszakasz;1606;2.0;1429;-2.0
2024-10-24;Endo Plus Service-Honvéd;Duna Aszfalt-DTKH Kecskemét;58-87;58;87;V;alapszakasz;1427;-41.5;1442;41.5
2024-10-24;DEAC;Atomerőmű SE;54-82;54;82;V;alapszakasz;1488;-36.2;1545;36.2
2024-10-25;Sopron KC;SZTE-Szedeák;87-67;87;67;H;alapszakasz;1433;14.9;1462;-14.9
2024-10-26;NKA Universitas Pécs;Egis Körmend;87-96;87;96;V;alapszakasz;1522;-20.8;1414;20.8
2024-10-26;MVM-OSE Lions;Falco-Vulcano Energia KC Szombathely;69-102;69;102;V;alapszakasz;1510;-23.5;1757;23.5
2024-10-26;NHSZ-Szolnoki Olajbányász;Alba Fehérvár;96-87;96;87;H;alapszakasz;1608;6.6;1626;-6.6
2024-10-26;Zalakerámia ZTE KK;Pécsi VSK-VEOLIA;101-72;101;72;H;alapszakasz;1525;2.7;1272;-2.7
2024-10-30;Atomerőmű SE;NKA Universitas Pécs;102-81;102;81;H;alapszakasz;1582;7.4;1501;-7.4
2024-10-30;Egis Körmend;Zalakerámia ZTE KK;91-78;91;78;H;alapszakasz;1435;12.5;1528;-12.5
2024-10-30;MVM-OSE Lions;Sopron KC;68-80;68;80;V;alapszakasz;1486;-23.7;1448;23.7
2024-10-30;SZTE-Szedeák;Endo Plus Service-Honvéd;57-75;57;75;V;alapszakasz;1447;-31.2;1385;31.2
2024-11-01;Pécsi VSK-VEOLIA;Duna Aszfalt-DTKH Kecskemét;88-76;88;76;H;alapszakasz;1269;25.4;1483;-25.4
2024-11-02;Alba Fehérvár;SZTE-Szedeák;110-85;110;85;H;alapszakasz;1619;2.9;1416;-2.9
2024-11-02;Endo Plus Service-Honvéd;MVM-OSE Lions;81-77;81;77;H;alapszakasz;1416;6.0;1463;-6.0
2024-11-02;Sopron KC;Falco-Vulcano Energia KC Szombathely;76-89;76;89;V;alapszakasz;1471;-9.3;1781;9.3
2024-11-02;NHSZ-Szolnoki Olajbányász;Egis Körmend;101-95;101;95;H;alapszakasz;1615;1.5;1447;-1.5
2024-11-02;Zalakerámia ZTE KK;Atomerőmű SE;86-90;86;90;V;alapszakasz;1516;-11.1;1589;11.1
2024-11-05;NKA Universitas Pécs;DEAC;68-80;68;80;V;alapszakasz;1493;-23.7;1451;23.7
2024-11-08;SZTE-Szedeák;Pécsi VSK-VEOLIA;78-77;78;77;H;alapszakasz;1413;1.6;1295;-1.6
2024-11-09;Atomerőmű SE;NHSZ-Szolnoki Olajbányász;110-77;110;77;H;alapszakasz;1600;18.7;1616;-18.7
2024-11-09;Egis Körmend;Duna Aszfalt-DTKH Kecskemét;82-80;82;80;H;alapszakasz;1446;3.1;1458;-3.1
2024-11-09;NKA Universitas Pécs;Falco-Vulcano Energia KC Szombathely;61-86;61;86;V;alapszakasz;1470;-13.5;1790;13.5
2024-11-09;MVM-OSE Lions;Alba Fehérvár;97-93;97;93;H;alapszakasz;1457;11.1;1622;-11.1
2024-11-09;Sopron KC;Endo Plus Service-Honvéd;81-64;81;64;H;alapszakasz;1462;8.8;1422;-8.8
2024-11-10;DEAC;Zalakerámia ZTE KK;68-62;68;62;H;alapszakasz;1475;7.5;1504;-7.5
2024-11-27;Pécsi VSK-VEOLIA;MVM-OSE Lions;71-78;71;78;V;alapszakasz;1293;-10.5;1468;10.5
2024-11-29;Duna Aszfalt-DTKH Kecskemét;Atomerőmű SE;68-86;68;86;V;alapszakasz;1455;-20.0;1619;20.0
2024-11-30;Endo Plus Service-Honvéd;Falco-Vulcano Energia KC Szombathely;67-89;67;89;V;alapszakasz;1414;-9.4;1803;9.4
2024-11-30;Egis Körmend;SZTE-Szedeák;83-77;83;77;H;alapszakasz;1449;3.7;1414;-3.7
2024-11-30;NHSZ-Szolnoki Olajbányász;DEAC;80-67;80;67;H;alapszakasz;1598;3.4;1483;-3.4
2024-11-30;Zalakerámia ZTE KK;NKA Universitas Pécs;99-75;99;75;H;alapszakasz;1497;10.5;1456;-10.5
2024-12-01;Alba Fehérvár;Sopron KC;107-88;107;88;H;alapszakasz;1611;3.7;1471;-3.7
2024-12-03;Duna Aszfalt-DTKH Kecskemét;Alba Fehérvár;98-79;98;79;H;alapszakasz;1435;30.2;1615;-30.2
2024-12-04;Falco-Vulcano Energia KC Szombathely;DEAC;85-47;85;47;H;alapszakasz;1813;1.5;1479;-1.5
2024-12-06;Endo Plus Service-Honvéd;Alba Fehérvár;72-89;72;89;V;alapszakasz;1404;-19.4;1584;19.4
2024-12-07;Atomerőmű SE;SZTE-Szedeák;109-76;109;76;H;alapszakasz;1639;3.6;1411;-3.6
2024-12-07;Falco-Vulcano Energia KC Szombathely;Zalakerámia ZTE KK;78-62;78;62;H;alapszakasz;1814;1.0;1507;-1.0
2024-12-07;NKA Universitas Pécs;NHSZ-Szolnoki Olajbányász;75-82;75;82;V;alapszakasz;1446;-11.5;1601;11.5
2024-12-07;MVM-OSE Lions;Egis Körmend;77-103;77;103;V;alapszakasz;1478;-39.6;1453;39.6
2024-12-07;Sopron KC;Pécsi VSK-VEOLIA;96-71;96;71;H;alapszakasz;1467;4.3;1283;-4.3
2024-12-09;DEAC;Duna Aszfalt-DTKH Kecskemét;62-70;62;70;V;alapszakasz;1478;-17.7;1465;17.7
2024-12-13;Duna Aszfalt-DTKH Kecskemét;NKA Universitas Pécs;63-80;63;80;V;alapszakasz;1482;-29.9;1434;29.9
2024-12-13;SZTE-Szedeák;DEAC;74-85;74;85;V;alapszakasz;1407;-19.1;1460;19.1
2024-12-14;Alba Fehérvár;Falco-Vulcano Energia KC Szombathely;73-100;73;100;V;alapszakasz;1604;-26.7;1815;26.7
2024-12-14;Atomerőmű SE;MVM-OSE Lions;104-85;104;85;H;alapszakasz;1642;2.9;1439;-2.9
2024-12-14;Egis Körmend;Sopron KC;85-89;85;89;V;alapszakasz;1492;-13.2;1471;13.2
2024-12-14;Pécsi VSK-VEOLIA;Endo Plus Service-Honvéd;89-92;89;92;V;alapszakasz;1278;-8.6;1385;8.6
2024-12-14;NHSZ-Szolnoki Olajbányász;Zalakerámia ZTE KK;66-76;66;76;V;alapszakasz;1613;-22.4;1506;22.4
2024-12-18;Alba Fehérvár;DEAC;88-71;88;71;H;alapszakasz;1577;4.7;1479;-4.7
2024-12-18;Pécsi VSK-VEOLIA;NHSZ-Szolnoki Olajbányász;88-99;88;99;V;alapszakasz;1270;-7.4;1590;7.4
2024-12-20;Zalakerámia ZTE KK;Duna Aszfalt-DTKH Kecskemét;70-67;70;67;H;alapszakasz;1529;2.5;1453;-2.5
2024-12-21;Alba Fehérvár;Pécsi VSK-VEOLIA;123-84;123;84;H;alapszakasz;1582;1.7;1262;-1.7
2024-12-21;Endo Plus Service-Honvéd;Egis Körmend;83-84;83;84;V;alapszakasz;1393;-6.9;1479;6.9
2024-12-21;NKA Universitas Pécs;SZTE-Szedeák;91-66;91;66;H;alapszakasz;1464;9.5;1388;-9.5
2024-12-21;Sopron KC;Atomerőmű SE;96-101;96;101;V;alapszakasz;1485;-9.6;1645;9.6
2024-12-22;DEAC;MVM-OSE Lions;89-67;89;67;H;alapszakasz;1474;11.5;1436;-11.5
2024-12-22;Falco-Vulcano Energia KC Szombathely;NHSZ-Szolnoki Olajbányász;101-73;101;73;H;alapszakasz;1842;2.3;1598;-2.3
2024-12-28;Atomerőmű SE;Endo Plus Service-Honvéd;94-79;94;79;H;alapszakasz;1655;1.5;1386;-1.5
2024-12-28;Egis Körmend;Alba Fehérvár;75-93;75;93;V;alapszakasz;1486;-27.2;1583;27.2
2024-12-30;Duna Aszfalt-DTKH Kecskemét;NHSZ-Szolnoki Olajbányász;72-80;72;80;V;alapszakasz;1450;-12.7;1595;12.7
2024-12-30;MVM-OSE Lions;NKA Universitas Pécs;69-80;69;80;V;alapszakasz;1424;-19.8;1474;19.8
2024-12-30;SZTE-Szedeák;Zalakerámia ZTE KK;77-89;77;89;V;alapszakasz;1379;-15.3;1531;15.3
2025-01-04;Alba Fehérvár;Atomerőmű SE;75-82;75;82;V;alapszakasz;1611;-16.2;1656;16.2
2025-01-04;Endo Plus Service-Honvéd;DEAC;68-80;68;80;V;alapszakasz;1385;-19.2;1486;19.2
2025-01-04;Falco-Vulcano Energia KC Szombathely;Duna Aszfalt-DTKH Kecskemét;102-60;102;60;H;alapszakasz;1844;0.9;1437;-0.9
2025-01-04;Pécsi VSK-VEOLIA;Egis Körmend;91-82;91;82;H;alapszakasz;1261;20.1;1459;-20.1
2025-01-04;Sopron KC;NKA Universitas Pécs;95-62;95;62;H;alapszakasz;1475;20.0;1493;-20.0
2025-01-04;NHSZ-Szolnoki Olajbányász;SZTE-Szedeák;94-77;94;77;H;alapszakasz;1608;1.6;1363;-1.6
2025-01-04;Zalakerámia ZTE KK;MVM-OSE Lions;90-78;90;78;H;alapszakasz;1547;3.3;1404;-3.3
2025-01-11;Atomerőmű SE;Pécsi VSK-VEOLIA;103-88;103;88;H;alapszakasz;1673;0.6;1281;-0.6
2025-01-11;DEAC;Alba Fehérvár;81-74;81;74;H;alapszakasz;1505;11.1;1594;-11.1
2025-01-11;Egis Körmend;Falco-Vulcano Energia KC Szombathely;75-105;75;105;V;alapszakasz;1439;-12.5;1845;12.5
2025-01-11;NKA Universitas Pécs;Endo Plus Service-Honvéd;55-72;55;72;V;alapszakasz;1473;-31.2;1366;31.2
2025-01-11;MVM-OSE Lions;NHSZ-Szolnoki Olajbányász;80-74;80;74;H;alapszakasz;1401;16.0;1610;-16.0
2025-01-11;Sopron KC;Zalakerámia ZTE KK;91-60;91;60;H;alapszakasz;1495;23.2;1550;-23.2
2025-01-11;SZTE-Szedeák;Duna Aszfalt-DTKH Kecskemét;70-80;70;80;V;alapszakasz;1362;-17.0;1436;17.0
2025-01-23;Pécsi VSK-VEOLIA;DEAC;68-84;68;84;V;alapszakasz;1280;-13.9;1516;13.9
2025-01-24;Duna Aszfalt-DTKH Kecskemét;MVM-OSE Lions;84-75;84;75;H;alapszakasz;1453;6.4;1417;-6.4
2025-01-25;Alba Fehérvár;NKA Universitas Pécs;102-78;102;78;H;alapszakasz;1583;4.4;1442;-4.4
2025-01-25;Falco-Vulcano Energia KC Szombathely;SZTE-Szedeák;95-75;95;75;H;alapszakasz;1858;0.2;1345;-0.2
2025-01-25;NHSZ-Szolnoki Olajbányász;Sopron KC;75-70;75;70;H;alapszakasz;1594;2.6;1518;-2.6
2025-01-31;DEAC;Egis Körmend;66-82;66;82;V;alapszakasz;1530;-29.8;1426;29.8
2025-01-31;Sopron KC;Duna Aszfalt-DTKH Kecskemét;87-79;87;79;H;alapszakasz;1516;4.9;1460;-4.9
2025-02-01;Atomerőmű SE;Falco-Vulcano Energia KC Szombathely;70-85;70;85;V;alapszakasz;1673;-17.6;1858;17.6
2025-02-01;Endo Plus Service-Honvéd;NHSZ-Szolnoki Olajbányász;77-86;77;86;V;alapszakasz;1397;-12.0;1596;12.0
2025-02-01;NKA Universitas Pécs;Pécsi VSK-VEOLIA;104-71;104;71;H;alapszakasz;1438;6.1;1266;-6.1
2025-02-01;MVM-OSE Lions;SZTE-Szedeák;90-83;90;83;H;alapszakasz;1411;4.4;1344;-4.4
2025-02-01;Zalakerámia ZTE KK;Alba Fehérvár;95-91;95;91;H;alapszakasz;1527;6.5;1588;-6.5
2025-02-04;DEAC;Sopron KC;75-57;75;57;H;alapszakasz;1500;14.2;1520;-14.2
2025-02-07;Atomerőmű SE;DEAC;82-78;82;78;H;alapszakasz;1656;1.8;1514;-1.8
2025-02-07;Duna Aszfalt-DTKH Kecskemét;Endo Plus Service-Honvéd;76-78;76;78;V;alapszakasz;1455;-10.0;1385;10.0
2025-02-07;Pécsi VSK-VEOLIA;Zalakerámia ZTE KK;82-98;82;98;V;alapszakasz;1260;-11.8;1533;11.8
2025-02-08;Falco-Vulcano Energia KC Szombathely;MVM-OSE Lions;101-67;101;67;H;alapszakasz;1875;0.5;1415;-0.5
2025-02-08;Egis Körmend;NKA Universitas Pécs;106-95;106;95;H;alapszakasz;1456;6.1;1444;-6.1
2025-02-08;SZTE-Szedeák;Sopron KC;69-67;69;67;H;alapszakasz;1340;9.1;1506;-9.1
2025-02-09;Alba Fehérvár;NHSZ-Szolnoki Olajbányász;84-101;84;101;V;alapszakasz;1581;-28.9;1608;28.9
2025-02-12;Alba Fehérvár;Duna Aszfalt-DTKH Kecskemét;86-88;86;88;V;alapszakasz;1552;-10.4;1445;10.4
2025-02-12;Endo Plus Service-Honvéd;SZTE-Szedeák;71-50;71;50;H;alapszakasz;1395;9.4;1349;-9.4
2025-02-12;DEAC;Falco-Vulcano Energia KC Szombathely;65-87;65;87;V;alapszakasz;1513;-9.5;1876;9.5
2025-02-12;NKA Universitas Pécs;Atomerőmű SE;61-78;61;78;V;alapszakasz;1438;-15.9;1657;15.9
2025-02-12;Sopron KC;MVM-OSE Lions;101-79;101;79;H;alapszakasz;1497;7.9;1415;-7.9
2025-02-12;NHSZ-Szolnoki Olajbányász;Pécsi VSK-VEOLIA;91-80;91;80;H;alapszakasz;1637;0.4;1248;-0.4
2025-02-12;Zalakerámia ZTE KK;Egis Körmend;99-80;99;80;H;alapszakasz;1545;6.7;1462;-6.7
2025-02-28;Duna Aszfalt-DTKH Kecskemét;Pécsi VSK-VEOLIA;69-78;69;78;V;alapszakasz;1455;-21.1;1248;21.1
2025-03-01;Atomerőmű SE;Zalakerámia ZTE KK;88-71;88;71;H;alapszakasz;1673;4.8;1552;-4.8
2025-03-01;DEAC;NKA Universitas Pécs;68-78;68;78;V;alapszakasz;1503;-21.7;1422;21.7
2025-03-01;Falco-Vulcano Energia KC Szombathely;Sopron KC;100-82;100;82;H;alapszakasz;1885;0.6;1505;-0.6
2025-03-01;Egis Körmend;NHSZ-Szolnoki Olajbányász;103-101;103;101;H;alapszakasz;1455;7.6;1638;-7.6
2025-03-01;MVM-OSE Lions;Endo Plus Service-Honvéd;73-77;73;77;V;alapszakasz;1407;-12.3;1404;12.3
2025-03-05;SZTE-Szedeák;Alba Fehérvár;71-86;71;86;V;alapszakasz;1340;-14.8;1542;14.8
2025-03-12;Endo Plus Service-Honvéd;Zalakerámia ZTE KK;101-70;101;70;H;alapszakasz;1417;32.5;1547;-32.5
2025-03-14;Alba Fehérvár;MVM-OSE Lions;97-76;97;76;H;alapszakasz;1557;3.5;1394;-3.5
2025-03-14;Duna Aszfalt-DTKH Kecskemét;Egis Körmend;81-97;81;97;V;alapszakasz;1434;-25.8;1463;25.8
2025-03-14;Pécsi VSK-VEOLIA;SZTE-Szedeák;90-79;90;79;H;alapszakasz;1269;12.5;1325;-12.5
2025-03-16;Endo Plus Service-Honvéd;Sopron KC;64-73;64;73;V;alapszakasz;1449;-17.7;1504;17.7
2025-03-16;NHSZ-Szolnoki Olajbányász;Atomerőmű SE;97-90;97;90;H;alapszakasz;1630;6.9;1678;-6.9
2025-03-16;Zalakerámia ZTE KK;DEAC;103-84;103;84;H;alapszakasz;1514;9.3;1481;-9.3
2025-03-22;Atomerőmű SE;Duna Aszfalt-DTKH Kecskemét;91-77;91;77;H;alapszakasz;1671;1.5;1408;-1.5
2025-03-22;DEAC;NHSZ-Szolnoki Olajbányász;82-69;82;69;H;alapszakasz;1472;22.5;1637;-22.5
2025-03-22;Falco-Vulcano Energia KC Szombathely;Endo Plus Service-Honvéd;121-118;121;118;H;alapszakasz;1886;0.1;1431;-0.1
2025-03-22;NKA Universitas Pécs;Zalakerámia ZTE KK;92-90;92;90;H;alapszakasz;1444;5.9;1524;-5.9
2025-03-22;MVM-OSE Lions;Pécsi VSK-VEOLIA;79-78;79;78;H;alapszakasz;1391;1.6;1282;-1.6
2025-03-22;SZTE-Szedeák;Egis Körmend;92-94;92;94;V;alapszakasz;1312;-5.8;1489;5.8
2025-03-23;Sopron KC;Alba Fehérvár;86-70;86;70;H;alapszakasz;1522;13.2;1560;-13.2
2025-03-26;Egis Körmend;Atomerőmű SE;81-95;81;95;V;alapszakasz;1494;-18.9;1673;18.9
2025-03-28;Alba Fehérvár;Endo Plus Service-Honvéd;97-88;97;88;H;alapszakasz;1547;2.8;1431;-2.8
2025-03-29;Egis Körmend;MVM-OSE Lions;103-71;103;71;H;alapszakasz;1476;7.9;1392;-7.9
2025-03-29;Pécsi VSK-VEOLIA;Sopron KC;91-85;91;85;H;alapszakasz;1280;19.1;1535;-19.1
2025-03-29;SZTE-Szedeák;Atomerőmű SE;75-89;75;89;V;alapszakasz;1307;-6.0;1692;6.0
2025-03-29;NHSZ-Szolnoki Olajbányász;NKA Universitas Pécs;91-92;91;92;V;alapszakasz;1614;-8.8;1450;8.8
2025-03-29;Zalakerámia ZTE KK;Falco-Vulcano Energia KC Szombathely;68-91;68;91;V;alapszakasz;1518;-10.8;1886;10.8
2025-03-30;Duna Aszfalt-DTKH Kecskemét;DEAC;78-80;78;80;V;alapszakasz;1407;-7.8;1495;7.8
2025-04-02;Falco-Vulcano Energia KC Szombathely;NKA Universitas Pécs;91-81;91;81;H;alapszakasz;1897;0.3;1458;-0.3
2025-04-05;Endo Plus Service-Honvéd;Pécsi VSK-VEOLIA;89-72;89;72;H;alapszakasz;1429;4.6;1299;-4.6
2025-04-05;DEAC;SZTE-Szedeák;73-51;73;51;H;alapszakasz;1502;3.9;1301;-3.9
2025-04-05;Falco-Vulcano Energia KC Szombathely;Alba Fehérvár;103-83;103;83;H;alapszakasz;1897;0.8;1550;-0.8
2025-04-05;MVM-OSE Lions;Atomerőmű SE;74-95;74;95;V;alapszakasz;1385;-12.4;1698;12.4
2025-04-05;Sopron KC;Egis Körmend;92-84;92;84;H;alapszakasz;1516;5.6;1483;-5.6
2025-04-05;Zalakerámia ZTE KK;NHSZ-Szolnoki Olajbányász;86-83;86;83;H;alapszakasz;1507;6.9;1606;-6.9
2025-04-06;NKA Universitas Pécs;Duna Aszfalt-DTKH Kecskemét;82-64;82;64;H;alapszakasz;1458;8.5;1399;-8.5
2025-04-09;Pécsi VSK-VEOLIA;Falco-Vulcano Energia KC Szombathely;73-122;73;122;V;alapszakasz;1295;-4.5;1898;4.5
2025-04-12;Atomerőmű SE;Sopron KC;97-92;97;92;H;alapszakasz;1710;1.4;1522;-1.4
2025-04-12;Duna Aszfalt-DTKH Kecskemét;Zalakerámia ZTE KK;92-86;92;86;H;alapszakasz;1391;11.9;1514;-11.9
2025-04-12;Egis Körmend;Endo Plus Service-Honvéd;93-87;93;87;H;alapszakasz;1478;3.5;1433;-3.5
2025-04-12;MVM-OSE Lions;DEAC;76-83;76;83;V;alapszakasz;1372;-12.3;1506;12.3
2025-04-12;Pécsi VSK-VEOLIA;Alba Fehérvár;88-97;88;97;V;alapszakasz;1290;-8.7;1549;8.7
2025-04-12;SZTE-Szedeák;NKA Universitas Pécs;73-65;73;65;H;alapszakasz;1297;17.5;1467;-17.5
2025-04-12;NHSZ-Szolnoki Olajbányász;Falco-Vulcano Energia KC Szombathely;77-99;77;99;V;alapszakasz;1599;-16.1;1903;16.1
2025-04-19;Atomerőmű SE;Sopron KC;94-66;94;66;H;negyeddöntő;1711;4.6;1520;-4.6
2025-04-19;Endo Plus Service-Honvéd;Pécsi VSK-VEOLIA;78-76;78;76;H;alsóház rájátszás;1430;1.2;1281;-1.2
2025-04-19;DEAC;Zalakerámia ZTE KK;54-82;54;82;V;negyeddöntő;1519;-44.8;1502;44.8
2025-04-19;Falco-Vulcano Energia KC Szombathely;Alba Fehérvár;101-76;101;76;H;negyeddöntő;1919;1.0;1558;-1.0
2025-04-19;Duna Aszfalt-DTKH Kecskemét;MVM-OSE Lions;94-92;94;92;H;alsóház rájátszás;1403;2.8;1360;-2.8
2025-04-19;NKA Universitas Pécs;SZTE-Szedeák;78-52;78;52;H;alsóház rájátszás;1449;6.0;1314;-6.0
2025-04-19;NHSZ-Szolnoki Olajbányász;Egis Körmend;93-78;93;78;H;negyeddöntő;1583;4.6;1481;-4.6
2025-04-21;Sopron KC;Atomerőmű SE;78-73;78;73;H;negyeddöntő;1516;15.2;1716;-15.2
2025-04-22;Alba Fehérvár;Falco-Vulcano Energia KC Szombathely;120-112;120;112;H;negyeddöntő;1557;28.7;1920;-28.7
2025-04-22;Egis Körmend;NHSZ-Szolnoki Olajbányász;73-86;73;86;V;negyeddöntő;1477;-23.4;1587;23.4
2025-04-22;Zalakerámia ZTE KK;DEAC;91-86;91;86;H;negyeddöntő;1547;3.5;1474;-3.5
2025-04-23;Endo Plus Service-Honvéd;Duna Aszfalt-DTKH Kecskemét;72-71;72;71;H;alsóház rájátszás;1431;2.3;1405;-2.3
2025-04-23;MVM-OSE Lions;SZTE-Szedeák;70-81;70;81;V;alsóház rájátszás;1357;-20.3;1308;20.3
2025-04-23;Pécsi VSK-VEOLIA;NKA Universitas Pécs;86-98;86;98;V;alsóház rájátszás;1280;-13.0;1455;13.0
2025-04-25;Atomerőmű SE;Sopron KC;74-64;74;64;H;negyeddöntő;1701;2.7;1531;-2.7
2025-04-25;DEAC;Zalakerámia ZTE KK;78-77;78;77;H;negyeddöntő;1470;5.7;1550;-5.7
2025-04-25;Falco-Vulcano Energia KC Szombathely;Alba Fehérvár;110-74;110;74;H;negyeddöntő;1891;1.9;1585;-1.9
2025-04-25;NHSZ-Szolnoki Olajbányász;Egis Körmend;116-77;116;77;H;negyeddöntő;1611;6.1;1453;-6.1
2025-04-26;NKA Universitas Pécs;MVM-OSE Lions;89-74;89;74;H;alsóház rájátszás;1468;4.2;1337;-4.2
2025-04-26;Pécsi VSK-VEOLIA;Duna Aszfalt-DTKH Kecskemét;83-89;83;89;V;alsóház rájátszás;1267;-9.8;1403;9.8
2025-04-26;SZTE-Szedeák;Endo Plus Service-Honvéd;84-83;84;83;H;alsóház rájátszás;1329;5.4;1433;-5.4
2025-04-28;Alba Fehérvár;Falco-Vulcano Energia KC Szombathely;95-102;95;102;V;negyeddöntő;1584;-8.3;1893;8.3
2025-04-28;Sopron KC;Atomerőmű SE;85-87;85;87;V;negyeddöntő;1528;-7.0;1704;7.0
2025-04-28;Zalakerámia ZTE KK;DEAC;80-72;80;72;H;negyeddöntő;1545;4.7;1476;-4.7
2025-04-29;Endo Plus Service-Honvéd;MVM-OSE Lions;77-73;77;73;H;alsóház rájátszás;1428;2.3;1333;-2.3
2025-04-30;Duna Aszfalt-DTKH Kecskemét;NKA Universitas Pécs;83-91;83;91;V;alsóház rájátszás;1413;-14.1;1472;14.1
2025-04-30;SZTE-Szedeák;Pécsi VSK-VEOLIA;79-73;79;73;H;alsóház rájátszás;1334;3.8;1257;-3.8
2025-05-02;DEAC;Alba Fehérvár;97-84;97;84;H;5-8. helyért;1471;13.1;1575;-13.1
2025-05-02;Egis Körmend;Sopron KC;79-72;79;72;H;5-8. helyért;1447;5.9;1521;-5.9
2025-05-03;Atomerőmű SE;NHSZ-Szolnoki Olajbányász;88-96;88;96;V;elődöntő;1711;-22.3;1617;22.3
2025-05-03;Falco-Vulcano Energia KC Szombathely;Zalakerámia ZTE KK;94-62;94;62;H;elődöntő;1901;1.3;1549;-1.3
2025-05-03;Duna Aszfalt-DTKH Kecskemét;SZTE-Szedeák;76-67;76;67;H;alsóház rájátszás;1399;5.0;1338;-5.0
2025-05-03;NKA Universitas Pécs;Endo Plus Service-Honvéd;84-72;84;72;H;alsóház rájátszás;1486;5.9;1430;-5.9
2025-05-03;MVM-OSE Lions;Pécsi VSK-VEOLIA;87-88;87;88;V;alsóház rájátszás;1330;-7.6;1254;7.6
2025-05-06;NHSZ-Szolnoki Olajbányász;Atomerőmű SE;94-91;94;91;H;elődöntő;1639;5.3;1688;-5.3
2025-05-06;Zalakerámia ZTE KK;Falco-Vulcano Energia KC Szombathely;77-97;77;97;V;elődöntő;1548;-12.1;1902;12.1
2025-05-07;Alba Fehérvár;DEAC;98-102;98;102;V;5-8. helyért;1562;-10.2;1484;10.2
2025-05-07;Sopron KC;Egis Körmend;84-75;84;75;H;5-8. helyért;1515;3.7;1453;-3.7
2025-05-09;Atomerőmű SE;NHSZ-Szolnoki Olajbányász;100-82;100;82;H;elődöntő;1683;10.0;1644;-10.0
2025-05-09;Falco-Vulcano Energia KC Szombathely;Zalakerámia ZTE KK;85-64;85;64;H;elődöntő;1915;0.8;1536;-0.8
2025-05-10;Egis Körmend;Sopron KC;107-106;107;106;H;5-8. helyért;1449;2.8;1519;-2.8
2025-05-10;MVM-OSE Lions;Duna Aszfalt-DTKH Kecskemét;86-68;86;68;H;alsóház rájátszás;1323;16.8;1404;-16.8
2025-05-10;Pécsi VSK-VEOLIA;Endo Plus Service-Honvéd;72-79;72;79;V;alsóház rájátszás;1261;-9.8;1424;9.8
2025-05-10;SZTE-Szedeák;NKA Universitas Pécs;65-48;65;48;H;alsóház rájátszás;1333;24.3;1492;-24.3
2025-05-12;NHSZ-Szolnoki Olajbányász;Atomerőmű SE;90-86;90;86;H;elődöntő;1634;6.3;1693;-6.3
2025-05-14;DEAC;Egis Körmend;106-78;106;78;H;5. helyért;1495;10.1;1452;-10.1
2025-05-14;Duna Aszfalt-DTKH Kecskemét;Endo Plus Service-Honvéd;83-79;83;79;H;alsóház rájátszás;1387;6.1;1434;-6.1
2025-05-14;NKA Universitas Pécs;Pécsi VSK-VEOLIA;90-80;90;80;H;alsóház rájátszás;1468;1.7;1251;-1.7
2025-05-14;Sopron KC;Alba Fehérvár;103-86;103;86;H;7. helyért;1516;10.1;1552;-10.1
2025-05-14;SZTE-Szedeák;MVM-OSE Lions;84-67;84;67;H;alsóház rájátszás;1357;10.2;1339;-10.2
2025-05-17;Atomerőmű SE;Zalakerámia ZTE KK;94-73;94;73;H;3. helyért;1687;5.0;1535;-5.0
2025-05-17;Endo Plus Service-Honvéd;SZTE-Szedeák;80-84;80;84;V;alsóház rájátszás;1428;-11.9;1367;11.9
2025-05-17;Falco-Vulcano Energia KC Szombathely;NHSZ-Szolnoki Olajbányász;73-93;73;93;V;döntő;1915;-41.8;1641;41.8
2025-05-17;Duna Aszfalt-DTKH Kecskemét;Pécsi VSK-VEOLIA;99-82;99;82;H;alsóház rájátszás;1393;4.3;1250;-4.3
2025-05-17;MVM-OSE Lions;NKA Universitas Pécs;85-75;85;75;H;alsóház rájátszás;1329;15.0;1470;-15.0
2025-05-18;Alba Fehérvár;Sopron KC;111-109;111;109;H;7. helyért;1542;2.0;1526;-2.0
2025-05-18;Egis Körmend;DEAC;76-97;76;97;V;5. helyért;1442;-24.0;1505;24.0
2025-05-20;Sopron KC;Alba Fehérvár;100-88;100;88;H;7. helyért;1524;7.3;1544;-7.3
2025-05-20;NHSZ-Szolnoki Olajbányász;Falco-Vulcano Energia KC Szombathely;81-79;81;79;H;döntő;1682;9.6;1874;-9.6
2025-05-20;Zalakerámia ZTE KK;Atomerőmű SE;79-73;79;73;H;3. helyért;1530;14.0;1692;-14.0
2025-05-21;NKA Universitas Pécs;Duna Aszfalt-DTKH Kecskemét;90-51;90;51;H;alsóház rájátszás;1455;13.3;1397;-13.3
2025-05-21;MVM-OSE Lions;Endo Plus Service-Honvéd;82-72;82;72;H;alsóház rájátszás;1344;10.8;1416;-10.8
2025-05-21;Pécsi VSK-VEOLIA;SZTE-Szedeák;108-84;108;84;H;alsóház rájátszás;1245;27.3;1379;-27.3
2025-05-23;Atomerőmű SE;Zalakerámia ZTE KK;82-66;82;66;H;3. helyért;1678;4.7;1544;-4.7
2025-05-23;Falco-Vulcano Energia KC Szombathely;NHSZ-Szolnoki Olajbányász;79-98;79;98;V;döntő;1864;-41.2;1692;41.2
2025-05-24;Endo Plus Service-Honvéd;NKA Universitas Pécs;83-77;83;77;H;alsóház rájátszás;1405;7.2;1468;-7.2
2025-05-24;Pécsi VSK-VEOLIA;MVM-OSE Lions;85-89;85;89;V;alsóház rájátszás;1273;-9.3;1355;9.3
2025-05-24;SZTE-Szedeák;Duna Aszfalt-DTKH Kecskemét;68-64;68;64;H;alsóház rájátszás;1352;5.8;1384;-5.8
2025-05-26;Zalakerámia ZTE KK;Atomerőmű SE;79-89;79;89;V;3. helyért;1539;-17.0;1682;17.0